"expert","Expert","CU_group","BSL_lower","BSL_upper","BSL_best_guess","S01_lower","S01_upper","S01_best_guess","S02_lower","S02_upper","S02_best_guess","S03_lower","S03_upper","S03_best_guess","S04_lower","S04_upper","S04_best_guess","S05_lower","S05_upper","S05_best_guess","S06_lower","S06_upper","S06_best_guess","S07_lower","S07_upper","S07_best_guess","S08_lower","S08_upper","S08_best_guess","S09_lower","S09_upper","S09_best_guess","S10_lower","S10_upper","S10_best_guess","S11_lower","S11_upper","S11_best_guess","S12_1.9.10_lower","S12_1.9.10_upper","S12_1.9.10_best_guess","S13_2.6_lower","S13_2.6_upper","S13_2.6_best_guess","ALL_lower","ALL_upper","ALL_best_guess","S15_Fut_Bas_lower","S15_Fut_Bas_upper","S15_Fut_Bas_best_guess"
1,"ZD","Chinook_LFR_FA_0.3",40,90,60,45,95,65,45,95,65,50,95,65,45,95,65,60,95,70,45,90,60,45,95,65,45,95,65,45,95,65,45,95,65,45,95,65,55,95,70,60,95,70,60,95,70,40,95,55
1,"ZD","Chinook_Maria_Slough_SU_0.3",20,70,45,25,85,55,20,80,50,20,80,50,20,80,50,30,80,55,20,70,45,25,75,50,25,75,50,20,70,45,20,70,45,30,75,50,25,85,55,35,85,60,35,85,60,20,70,40
1,"ZD","Chinook_LFR_SP_1.3",10,70,40,15,75,45,10,70,40,10,70,40,10,70,40,10,70,40,10,70,40,10,70,40,10,70,40,10,70,40,10,70,40,15,75,45,15,75,45,15,75,45,20,80,50,10,70,40
1,"ZD","Chinook_LFR_SU_1.3",10,70,40,15,75,45,10,70,40,10,70,40,10,70,40,10,70,40,10,70,40,10,70,40,10,70,40,10,70,40,10,70,40,15,75,45,15,75,45,15,75,45,20,80,50,10,70,40
1,"ZD","Chinook_LFR-Upper_Pitt_SU_1.3",10,70,40,15,75,45,10,70,40,10,70,40,10,70,40,10,70,40,10,70,40,10,70,40,10,70,40,10,70,40,10,70,40,15,75,45,15,75,45,15,75,45,20,80,50,10,70,40
1,"ZD","Chinook_BB_FA_0.3",20,70,50,25,80,55,30,80,60,25,75,55,30,80,60,25,75,55,25,75,55,25,75,55,25,75,55,20,70,50,20,70,50,25,75,55,25,80,55,40,80,65,45,80,65,20,70,50
1,"ZD","Chum_LFR",50,90,65,55,95,75,55,95,75,55,95,70,55,95,70,55,95,75,50,95,65,50,95,65,50,95,65,55,95,65,50,95,65,50,95,70,55,95,75,60,95,75,65,95,80,50,95,60
1,"ZD","Coho_Lillooet",0,40,20,0,40,20,0,40,20,0,40,20,0,40,20,0,40,20,0,40,25,0,40,20,0,40,20,0,40,20,0,40,20,0,45,25,0,40,20,0,45,30,0,50,30,0,40,20
1,"ZD","Coho_LFR",0,30,15,0,30,15,0,35,20,0,35,20,0,35,20,0,30,15,0,35,20,0,35,17,0,35,20,0,30,15,0,35,20,0,35,20,0,35,20,0,40,25,0,40,25,0,30,15
1,"ZD","Coho_BB",0,20,10,0,20,10,0,25,15,0,25,15,0,25,15,0,20,10,0,25,15,0,25,12,0,25,15,0,20,10,0,20,10,0,25,15,0,20,10,0,30,20,0,35,20,0,20,10
1,"ZD","Pink_FR",30,90,60,30,95,60,30,95,60,30,95,60,30,95,60,30,95,65,30,95,60,30,95,60,30,95,60,35,95,65,30,95,60,30,95,60,35,95,65,30,95,65,35,95,65,30,95,60
1,"ZD","Sockeye_Chilliwack_ES",0,70,50,0,70,50,0,70,50,0,70,50,0,70,50,0,70,50,0,70,50,0,70,50,0,70,50,0,70,50,0,70,50,0,70,55,0,70,50,0,70,50,0,70,55,0,70,50
1,"ZD","Sockeye_Cultus_Late",0,5,0,0,5,0,0,25,10,0,10,5,0,20,10,0,5,0,0,5,0,0,10,5,0,20,10,0,5,0,0,5,0,0,5,0,0,5,0,0,50,25,0,50,25,0,5,0
1,"ZD","Sockeye_Harrison_Down_Late(Big_Silver)",20,60,40,20,60,40,20,60,40,20,60,40,20,60,40,20,60,40,20,60,40,20,60,40,20,60,40,20,60,40,20,60,40,20,60,45,20,60,40,20,60,40,20,60,45,20,60,40
1,"ZD","Sockeye_Harrison_Up_Late(Weaver)",0,50,30,0,50,30,0,50,30,0,50,30,0,50,30,0,50,30,0,50,30,0,50,30,0,50,30,0,50,30,0,50,30,0,50,35,0,50,30,0,50,30,0,50,35,0,50,30
1,"ZD","Sockeye_Pitt_ES",10,70,50,10,70,50,10,70,50,10,70,50,10,70,50,10,70,50,10,70,50,10,70,50,10,70,50,10,70,50,10,75,55,10,70,55,10,75,55,10,70,50,10,75,55,10,70,50
1,"ZD","Sockeye_Lillooet/Harrison_Late(Birk)",10,50,30,10,50,30,10,50,30,10,50,30,10,50,30,10,50,30,10,50,30,10,50,30,10,50,30,10,50,30,10,50,30,10,50,35,10,50,30,10,50,30,10,50,35,10,50,30
1,"ZD","Sockeye_Harrison_River",10,60,40,10,60,40,10,60,40,10,60,40,10,60,40,10,70,45,10,60,40,10,60,40,10,60,40,10,60,40,10,60,40,10,60,45,10,60,40,10,70,45,10,70,50,10,60,35
1,"ZD","Sockeye_Widgeon_River",0,0,0,0,0,0,0,0,0,0,0,0,0,0,0,0,0,0,0,0,0,0,0,0,0,0,0,0,0,0,0,0,0,0,0,0,0,0,0,0,0,0,0,0,0,0,0,0
2,"Ki","Chinook_LFR_FA_0.3",15,25,20,15,35,30,25,35,30,25,35,30,15,30,25,20,35,25,15,25,20,17,27,22,17,27,22,15,25,20,15,25,20,15,25,20,15,35,30,30,40,35,40,60,44,10,20,15
2,"Ki","Chinook_Maria_Slough_SU_0.3",10,20,15,10,23,17,15,25,20,15,25,20,13,30,20,15,25,20,10,20,15,13,22,17,12,22,17,10,22,17,15,25,20,10,20,15,15,30,22,28,39,33,25,40,30,10,15,13
2,"Ki","Chinook_LFR_SP_1.3",10,20,15,15,30,25,15,25,20,15,25,20,10,20,15,12,25,17,12,22,17,12,22,17,10,20,15,12,25,17,15,25,20,10,25,17,17,40,29,24,37,29,25,42,35,10,15,13
2,"Ki","Chinook_LFR_SU_1.3",10,20,15,15,35,20,15,30,20,15,30,20,15,30,20,12,25,17,15,25,17,12,22,17,12,20,17,12,25,17,15,25,20,15,25,20,17,40,27,20,40,30,25,42,35,8,15,13
2,"Ki","Chinook_LFR-Upper_Pitt_SU_1.3",10,20,15,15,30,20,15,30,20,15,30,15,15,30,20,12,25,17,15,25,20,12,22,17,12,20,17,12,25,17,15,25,20,15,25,20,17,40,27,25,40,30,25,45,35,8,15,13
2,"Ki","Chum_LFR",30,50,40,40,60,50,32,52,47,32,52,42,32,52,42,32,52,42,35,52,42,32,52,42,32,52,43,32,52,42,30,50,45,30,50,40,42,62,57,55,75,65,40,60,50,15,35,20
3,"oQ","Chinook_LFR_FA_0.3",25,90,70,25,90,75,35,90,75,40,90,75,45,90,80,45,90,75,NA,NA,NA,NA,NA,NA,25,90,70,25,90,70,25,90,70,25,90,70,25,90,75,NA,NA,NA,45,90,80,10,75,45
3,"oQ","Chinook_Maria_Slough_SU_0.3",0,60,45,0,65,45,0,65,55,0,65,50,0,70,50,0,65,50,NA,NA,NA,NA,NA,NA,0,60,45,0,65,45,0,60,45,0,70,45,0,65,45,NA,NA,NA,0,70,55,0,60,45
3,"oQ","Chinook_LFR_SP_1.3",25,80,70,30,80,70,30,85,75,30,85,75,35,85,75,25,80,70,NA,NA,NA,NA,NA,NA,25,80,70,25,80,70,25,80,70,25,85,70,30,80,70,NA,NA,NA,35,85,75,20,70,60
3,"oQ","Chinook_LFR_SU_1.3",30,80,75,35,80,80,35,85,80,35,85,80,35,80,75,30,80,75,NA,NA,NA,NA,NA,NA,30,80,75,30,80,75,30,80,75,30,85,80,35,85,80,NA,NA,NA,35,85,80,25,70,65
3,"oQ","Chinook_LFR-Upper_Pitt_SU_1.3",0,50,15,0,70,20,0,55,25,0,50,25,0,50,25,0,50,15,NA,NA,NA,NA,NA,NA,0,50,15,0,50,15,0,50,15,0,55,25,0,70,20,NA,NA,NA,0,75,25,0,40,10
3,"oQ","Chinook_BB_FA_0.3",0,40,15,0,50,25,0,40,15,0,40,15,0,50,25,0,45,20,NA,NA,NA,NA,NA,NA,0,40,15,0,45,15,0,40,15,0,55,15,0,50,25,NA,NA,NA,0,60,35,0,20,5
3,"oQ","Chum_LFR",25,75,50,35,85,65,35,85,55,25,85,55,25,85,55,35,85,60,NA,NA,NA,NA,NA,NA,25,75,50,25,80,50,25,75,50,25,80,55,35,85,65,NA,NA,NA,35,90,65,0,65,40
3,"oQ","Pink_FR",35,80,60,40,85,65,35,80,60,35,80,65,35,80,60,40,85,65,NA,NA,NA,NA,NA,NA,35,80,60,35,85,60,35,80,60,35,80,60,40,85,65,NA,NA,NA,40,85,75,0,70,50
3,"oQ","Sockeye_Chilliwack_ES",20,80,50,25,85,60,25,85,55,25,85,55,25,85,55,20,85,50,NA,NA,NA,NA,NA,NA,20,80,50,25,80,50,20,80,50,20,85,55,25,85,60,NA,NA,NA,25,85,65,10,80,45
3,"oQ","Sockeye_Cultus_Late",0,5,0,0,10,5,0,10,0,0,10,0,0,10,5,0,10,0,NA,NA,NA,NA,NA,NA,0,10,0,0,10,0,0,10,0,0,10,0,0,10,5,NA,NA,NA,0,15,5,0,5,0
3,"oQ","Sockeye_Harrison_Down_Late(Big_Silver)",25,75,60,30,75,60,30,75,65,30,75,60,30,80,60,25,80,60,NA,NA,NA,NA,NA,NA,25,75,60,30,75,60,25,75,60,25,80,65,30,80,60,NA,NA,NA,30,85,65,15,75,55
3,"oQ","Sockeye_Harrison_Up_Late(Weaver)",0,50,10,5,75,30,0,55,15,0,50,10,0,55,10,0,55,10,NA,NA,NA,NA,NA,NA,0,50,10,0,50,10,0,50,10,0,55,15,5,75,30,NA,NA,NA,5,80,30,0,50,5
3,"oQ","Sockeye_Pitt_ES",25,75,50,30,80,55,30,80,55,30,75,50,30,80,50,25,80,50,NA,NA,NA,NA,NA,NA,25,75,50,30,75,50,25,75,50,25,80,55,30,80,55,NA,NA,NA,30,85,55,20,75,45
3,"oQ","Sockeye_Lillooet/Harrison_Late(Birk)",0,25,10,0,45,20,0,30,15,0,25,10,0,30,10,0,30,10,NA,NA,NA,NA,NA,NA,0,25,10,0,25,10,0,25,10,0,30,10,0,45,20,NA,NA,NA,0,45,20,0,25,10
3,"oQ","Sockeye_Harrison_River",25,85,60,25,85,60,35,85,70,25,85,60,25,85,60,35,85,70,NA,NA,NA,NA,NA,NA,25,85,60,25,85,60,25,85,60,25,85,60,25,85,60,NA,NA,NA,35,85,70,0,75,50
3,"oQ","Sockeye_Widgeon_River",0,40,20,0,60,20,0,50,30,0,40,20,0,50,20,0,50,30,NA,NA,NA,NA,NA,NA,0,40,20,0,40,20,0,40,20,0,40,20,0,60,20,NA,NA,NA,0,60,30,0,30,10
4,"xy","Sockeye_Chilliwack_ES",0,30,0,5,40,20,5,40,10,10,40,15,5,40,10,0,35,0,5,30,5,5,30,5,5,40,5,5,35,5,5,30,5,5,30,5,5,40,25,10,40,15,10,45,30,0,20,0
4,"xy","Sockeye_Cultus_Late",0,0,0,0,0,0,0,0,0,0,0,0,0,0,0,0,0,0,0,0,0,0,0,0,0,0,0,0,0,0,0,0,0,0,0,0,0,0,0,0,10,0,0,10,0,0,0,0
4,"xy","Sockeye_Harrison_Down_Late(Big_Silver)",0,30,0,5,40,20,5,40,10,10,40,15,5,40,10,0,35,0,5,30,5,5,30,5,5,40,5,5,35,5,5,30,5,5,30,5,5,40,25,10,40,15,10,45,30,0,20,0
4,"xy","Sockeye_Harrison_Up_Late(Weaver)",0,10,0,0,20,5,0,30,5,5,30,5,5,30,10,0,20,0,0,25,0,0,20,0,0,10,0,5,20,5,5,30,10,0,10,0,5,30,10,5,30,10,10,40,20,0,5,0
4,"xy","Sockeye_Pitt_ES",20,100,75,30,100,85,30,100,80,30,100,80,25,100,80,20,100,75,20,100,75,25,100,80,30,100,80,30,100,80,25,100,90,25,100,80,40,100,90,30,100,85,45,100,90,20,90,60
4,"xy","Sockeye_Lillooet/Harrison_Late(Birk)",0,20,0,0,20,5,0,30,5,5,30,5,0,30,5,0,25,0,0,20,0,0,20,0,0,20,0,0,20,0,5,30,10,0,20,0,5,30,10,5,30,10,10,40,20,0,10,0
4,"xy","Sockeye_Harrison_River",10,80,50,20,90,60,15,85,55,15,85,55,20,90,60,20,90,60,15,85,55,15,85,55,20,90,60,15,85,55,20,90,60,15,85,55,20,90,70,20,90,60,20,90,70,10,70,40
4,"xy","Sockeye_Widgeon_River",0,0,0,0,0,0,0,0,0,0,0,0,0,0,0,0,0,0,0,0,0,0,0,0,0,0,0,0,0,0,0,0,0,0,0,0,0,0,0,0,0,0,0,0,0,0,0,0
6,"rh","Pink_FR",25,75,50,25,75,50,25,75,50,25,75,50,25,75,50,25,75,50,25,75,50,25,75,50,25,75,50,25,75,50,25,75,50,25,75,50,25,75,50,25,75,50,25,75,50,NA,NA,NA
6,"rh","Sockeye_Chilliwack_ES",25,75,50,10,60,35,NA,NA,NA,NA,NA,NA,NA,NA,NA,NA,NA,NA,NA,NA,NA,NA,NA,NA,NA,NA,NA,NA,NA,NA,25,75,50,25,75,50,NA,NA,NA,25,75,50,NA,NA,NA,NA,NA,NA
6,"rh","Sockeye_Cultus_Late",0,0,0,0,15,5,0,15,5,0,0,0,0,15,5,0,15,5,0,0,0,0,0,0,0,15,5,0,15,5,0,0,0,0,0,0,0,15,5,0,20,5,0,20,5,NA,NA,NA
6,"rh","Sockeye_Harrison_Up_Late(Weaver)",0,60,35,0,60,35,0,60,35,0,60,35,0,60,35,0,60,35,0,60,35,NA,NA,NA,NA,NA,NA,NA,NA,NA,0,60,35,0,60,35,NA,NA,NA,0,60,35,NA,NA,NA,NA,NA,NA
6,"rh","Sockeye_Pitt_ES",40,80,50,30,70,40,NA,NA,NA,NA,NA,NA,NA,NA,NA,NA,NA,NA,40,80,50,40,80,50,40,80,50,NA,NA,NA,NA,NA,NA,40,80,50,NA,NA,NA,NA,NA,NA,NA,NA,NA,NA,NA,NA
6,"rh","Sockeye_Lillooet/Harrison_Late(Birk)",0,50,30,10,60,30,NA,NA,NA,NA,NA,NA,NA,NA,NA,NA,NA,NA,NA,NA,NA,NA,NA,NA,NA,NA,NA,NA,NA,NA,0,50,30,0,50,30,NA,NA,NA,10,60,40,NA,NA,NA,NA,NA,NA
6,"rh","Sockeye_Harrison_River",25,75,50,35,75,50,NA,NA,NA,NA,NA,NA,NA,NA,NA,NA,NA,NA,NA,NA,NA,NA,NA,NA,NA,NA,NA,NA,NA,NA,25,75,50,25,75,50,NA,NA,NA,25,75,50,NA,NA,NA,NA,NA,NA
6,"rh","Sockeye_Widgeon_River",0,0,0,0,0,0,0,0,0,0,0,0,0,0,0,0,0,0,0,0,0,0,0,0,0,0,0,0,0,0,0,0,0,0,0,0,0,0,0,0,0,0,0,0,0,NA,NA,NA
7,"OJ","Chinook_LFR_FA_0.3",40,70,50,50,70,60,45,80,55,45,80,55,40,80,55,60,90,70,60,90,70,40,70,50,50,70,60,40,70,50,50,70,60,40,70,50,60,90,70,60,90,75,70,90,80,20,60,40
7,"OJ","Chinook_Maria_Slough_SU_0.3",30,60,40,50,70,60,40,70,50,30,70,40,40,70,45,50,75,60,50,75,60,40,65,45,40,75,50,30,70,45,40,70,50,30,60,40,50,70,60,60,85,75,70,90,80,25,60,40
7,"OJ","Chinook_LFR_SP_1.3",30,70,40,40,75,60,50,80,65,40,75,50,40,70,60,30,70,40,30,80,50,30,80,40,30,80,40,30,75,40,30,70,40,30,80,50,40,75,60,50,90,70,50,90,75,20,70,40
7,"OJ","Chinook_LFR_SU_1.3",30,70,40,40,75,60,50,80,65,40,75,50,40,70,60,30,70,40,30,80,50,30,80,40,30,80,40,30,75,40,30,70,40,30,80,50,40,75,60,50,90,70,50,90,75,20,70,40
7,"OJ","Chinook_LFR-Upper_Pitt_SU_1.3",30,70,40,40,75,60,50,80,65,40,75,50,40,70,60,30,70,40,30,80,50,30,80,40,30,80,40,30,75,40,30,70,40,30,80,50,40,75,60,50,90,70,50,90,75,20,70,40
7,"OJ","Chinook_BB_FA_0.3",15,50,30,20,60,35,30,70,40,20,60,30,25,70,40,20,60,40,30,70,45,20,60,35,20,60,35,20,60,35,20,50,30,20,60,30,20,70,40,30,75,50,30,80,50,10,50,25
7,"OJ","Chum_LFR",10,60,30,20,75,40,20,75,50,10,65,30,25,75,50,20,70,45,25,75,55,10,60,35,25,70,40,15,65,30,10,60,30,10,70,30,20,75,40,25,80,60,25,80,60,10,60,30
7,"OJ","Pink_FR",20,60,40,30,80,45,25,75,40,30,80,50,25,75,40,25,75,45,25,75,40,25,75,40,25,75,40,25,75,40,25,75,40,25,75,40,30,80,55,30,80,55,30,80,60,20,60,40
7,"OJ","Sockeye_Cultus_Late",0,20,5,5,25,15,0,25,10,0,20,5,0,25,10,0,20,5,0,20,5,5,30,15,0,25,15,0,20,5,0,20,5,0,20,5,5,30,15,0,25,10,5,30,20,0,20,5
8,"q8","Chinook_LFR_FA_0.3",30,75,60,40,85,70,35,80,65,35,80,65,35,80,65,35,80,65,30,75,60,30,75,60,35,80,65,35,80,65,35,80,65,40,85,70,50,90,80,35,85,65,40,85,70,25,70,60
8,"q8","Chinook_Maria_Slough_SU_0.3",0,20,10,10,30,20,5,25,15,5,25,15,5,25,15,5,25,15,5,25,15,0,20,10,0,25,15,0,20,10,0,20,10,5,25,15,10,30,25,35,65,45,10,30,25,0,15,5
8,"q8","Chinook_LFR_SP_1.3",5,30,20,15,40,30,10,35,25,5,30,20,10,35,25,10,35,25,5,30,20,5,30,20,15,35,25,5,30,20,5,30,20,10,35,25,15,50,40,20,45,35,15,40,30,0,25,15
8,"q8","Chinook_LFR_SU_1.3",5,30,20,15,40,30,5,30,20,5,30,20,10,35,25,10,35,25,5,30,20,5,30,20,5,30,20,5,30,20,5,30,20,10,35,25,15,40,30,15,45,30,15,40,30,0,25,15
8,"q8","Chinook_LFR-Upper_Pitt_SU_1.3",5,20,15,15,30,25,5,20,15,5,20,15,10,25,20,10,25,20,5,20,15,5,20,15,5,20,15,5,20,15,5,20,15,10,25,20,15,30,25,15,40,25,15,40,25,0,15,10
8,"q8","Chinook_BB_FA_0.3",0,10,5,5,15,10,5,15,10,0,10,5,5,15,10,5,15,5,0,10,5,0,10,5,5,15,10,0,10,5,5,15,10,5,15,10,5,15,10,20,40,30,5,15,10,0,5,0
8,"q8","Chum_LFR",0,10,5,10,20,15,0,10,5,0,15,5,0,10,5,0,10,5,0,10,5,0,10,5,0,10,5,0,10,5,5,15,10,0,10,5,10,30,20,10,25,15,10,30,20,0,5,5
8,"q8","Coho_Lillooet",25,75,50,30,80,55,25,75,50,25,75,50,30,80,55,25,75,50,25,75,50,25,75,50,25,75,50,25,75,50,25,75,50,25,75,50,30,80,55,35,85,60,30,80,60,20,70,45
8,"q8","Coho_LFR",20,50,30,30,60,40,25,55,35,20,50,30,25,55,35,20,50,30,20,50,30,20,50,30,25,55,35,20,50,30,25,55,35,25,55,35,35,65,45,40,80,40,30,60,40,15,45,25
8,"q8","Coho_BB",0,20,10,0,20,10,5,25,15,0,20,10,5,25,15,0,20,10,0,20,10,0,20,10,5,25,15,5,25,15,10,30,20,5,25,15,20,50,30,15,40,20,20,50,30,0,15,5
8,"q8","Pink_FR",10,50,20,20,60,30,10,50,20,15,55,25,10,50,20,10,50,20,10,50,20,10,50,20,10,50,20,15,55,25,10,50,20,10,50,20,20,60,30,20,65,25,20,60,30,5,45,15
8,"q8","Sockeye_Chilliwack_ES",40,80,50,50,90,60,40,80,50,40,80,50,40,80,50,40,80,50,40,80,50,40,80,50,40,80,50,40,85,55,40,80,50,40,80,50,50,90,60,40,80,50,50,90,75,35,75,45
8,"q8","Sockeye_Cultus_Late",0,10,5,5,15,10,0,10,5,0,10,5,0,10,5,0,10,5,0,10,5,5,15,10,10,20,15,0,10,5,0,10,5,0,10,5,5,15,10,5,15,10,10,20,15,0,10,5
8,"q8","Sockeye_Harrison_Down_Late(Big_Silver)",20,60,40,30,70,50,20,60,40,20,60,40,20,60,40,20,60,40,20,60,40,20,60,40,20,60,40,20,60,40,20,60,40,20,60,40,30,80,60,20,60,40,30,80,60,15,55,35
8,"q8","Sockeye_Harrison_Up_Late(Weaver)",0,20,10,10,30,20,0,20,10,0,20,10,0,20,10,0,20,10,0,20,10,0,20,10,0,20,10,0,20,10,0,20,10,0,20,10,10,40,30,10,30,20,10,30,20,0,15,5
8,"q8","Sockeye_Pitt_ES",30,70,60,40,80,70,30,70,60,30,70,60,30,70,60,30,70,60,30,70,60,30,70,60,30,70,60,30,70,60,30,75,65,30,70,60,40,80,70,30,70,60,40,80,70,25,65,55
8,"q8","Sockeye_Lillooet/Harrison_Late(Birk)",5,30,20,10,40,30,5,30,20,5,30,20,10,35,25,5,30,25,5,30,20,5,30,20,5,30,20,5,30,20,5,30,20,10,35,25,10,40,30,15,50,25,10,40,30,0,25,15
8,"q8","Sockeye_Harrison_River",10,30,20,20,40,30,10,30,20,10,30,20,15,35,25,10,30,20,10,30,20,10,30,20,15,35,25,10,30,20,10,30,20,15,35,25,20,40,30,25,55,25,20,40,30,5,25,15
8,"q8","Sockeye_Widgeon_River",0,20,10,10,30,20,0,20,10,0,20,10,0,20,10,0,20,10,0,20,10,5,25,15,0,20,10,0,20,10,0,20,10,5,25,15,10,30,20,0,20,10,10,30,20,0,15,5
9,"Wa","Chinook_LFR_FA_0.3",20,50,45,20,50,45,35,70,50,20,60,50,20,70,50,20,70,50,20,70,65,20,70,55,20,65,55,20,70,55,20,70,50,20,65,50,30,90,60,50,90,75,50,80,70,15,50,45
9,"Wa","Chinook_LFR_SP_1.3",20,70,55,20,70,55,40,80,60,25,70,60,20,70,60,20,70,65,25,80,70,20,80,60,20,75,65,40,70,60,25,75,60,25,70,65,40,80,65,50,95,80,55,90,75,15,60,50
9,"Wa","Chinook_LFR_SU_1.3",20,70,60,20,70,60,40,80,60,25,70,60,20,70,60,20,70,65,25,80,70,20,80,60,20,75,65,40,70,60,25,75,60,25,70,65,45,80,65,50,95,80,55,90,75,15,60,50
9,"Wa","Chinook_LFR-Upper_Pitt_SU_1.3",20,70,60,20,70,60,40,80,60,25,75,60,20,70,60,20,70,65,25,80,70,20,80,60,20,75,65,40,70,60,25,75,60,25,70,65,50,80,65,50,95,80,55,90,75,15,60,50
9,"Wa","Chinook_BB_FA_0.3",10,70,50,10,70,60,35,70,50,15,70,50,10,70,50,20,75,50,20,70,65,20,70,60,20,70,65,20,70,55,20,70,50,10,75,50,30,90,60,50,90,80,50,80,70,15,50,45
9,"Wa","Chum_LFR",30,70,60,30,70,65,30,70,65,30,70,65,30,75,65,30,70,65,30,80,75,35,70,65,40,75,60,35,70,60,35,75,60,30,70,60,35,80,65,50,85,75,50,90,80,20,50,40
9,"Wa","Coho_LFR",10,60,45,15,70,50,20,65,50,15,60,50,15,75,60,10,60,45,20,80,75,20,60,50,15,60,50,25,65,55,20,65,50,10,65,50,25,70,55,45,85,80,50,90,85,10,40,30
9,"Wa","Coho_BB",10,60,50,10,60,55,20,65,50,20,60,55,15,75,60,10,65,55,10,80,75,20,70,55,15,65,50,25,65,55,20,65,50,10,65,55,25,70,55,45,85,80,50,90,80,10,40,30
9,"Wa","Pink_FR",10,50,45,10,50,45,20,65,50,15,70,55,10,70,50,20,65,50,20,70,60,20,60,50,20,60,50,25,55,50,15,70,60,20,55,50,25,75,75,50,90,80,50,90,75,10,40,30
9,"Wa","Sockeye_Cultus_Late",10,40,25,10,40,25,10,45,30,10,40,25,15,40,35,10,40,25,10,40,25,10,40,30,10,40,25,15,40,25,10,45,25,10,45,30,15,45,25,15,50,35,15,45,35,10,30,25
9,"Wa","Sockeye_Pitt_ES",40,80,60,40,85,65,40,85,60,40,85,60,40,80,60,45,80,65,40,80,70,40,80,65,50,80,65,45,80,65,45,85,65,45,85,60,45,85,65,50,90,80,50,90,70,30,70,50
9,"Wa","Sockeye_Widgeon_River",20,60,50,20,60,55,20,60,50,20,70,55,20,65,50,25,65,55,20,80,65,25,70,60,30,80,75,25,70,55,20,70,50,25,75,55,25,80,75,50,90,85,50,90,80,20,45,40
10,"wc","Chinook_LFR_FA_0.3",10,20,15,10,30,20,30,40,35,20,65,50,20,60,50,20,60,50,20,60,50,20,60,50,20,60,50,20,60,50,20,60,50,20,60,50,20,90,70,35,90,70,50,75,70,5,15,10
10,"wc","Chinook_Maria_Slough_SU_0.3",10,20,15,15,30,20,25,45,35,20,40,25,30,50,40,15,25,20,25,40,30,20,40,25,20,30,25,15,25,20,40,60,50,20,40,30,40,60,50,60,90,75,55,95,70,5,10,10
10,"wc","Chinook_LFR_SP_1.3",10,30,20,15,30,20,20,40,30,20,40,30,25,35,25,15,35,20,25,40,30,20,40,30,10,30,20,15,35,25,25,55,40,20,30,25,40,55,40,60,80,75,50,80,55,5,10,10
10,"wc","Chinook_LFR_SU_1.3",10,30,20,15,30,20,20,40,30,20,40,25,20,40,30,15,35,20,25,40,30,20,40,30,10,30,20,10,30,20,25,55,40,20,30,25,40,60,50,60,80,75,50,80,55,5,10,10
10,"wc","Chinook_LFR-Upper_Pitt_SU_1.3",10,20,15,15,25,20,40,60,50,40,70,50,40,60,50,15,25,20,30,50,40,10,20,15,10,20,15,10,20,15,45,75,60,25,45,35,50,80,70,75,95,80,60,95,85,5,10,5
10,"wc","Chinook_BB_FA_0.3",10,40,25,20,40,30,15,40,30,20,40,25,20,40,25,20,50,35,20,40,30,25,55,35,20,50,35,20,50,30,15,45,30,30,60,40,40,60,45,50,70,60,45,75,55,5,10,5
10,"wc","Chum_LFR",10,40,30,15,40,30,20,40,30,20,40,30,25,55,40,10,40,30,25,45,40,20,50,35,20,50,35,20,50,35,20,50,35,20,40,35,35,65,50,40,90,50,60,80,70,10,20,15
10,"wc","Coho_Lillooet",10,15,10,10,20,15,25,40,25,25,35,25,20,30,25,20,25,20,40,60,50,10,15,15,10,20,15,10,15,15,30,50,35,25,30,25,30,60,55,40,70,50,40,65,55,5,10,5
10,"wc","Coho_LFR",20,50,30,25,55,35,30,60,45,25,55,35,30,60,50,20,50,30,30,60,40,25,60,40,30,55,40,25,55,35,40,70,55,30,60,40,40,75,60,50,90,75,50,80,65,10,20,15
10,"wc","Coho_BB",10,20,15,20,30,20,15,25,20,15,25,20,20,30,25,25,55,35,25,40,35,20,40,30,30,50,40,25,40,35,30,50,40,30,50,40,30,50,45,40,60,50,40,70,55,5,10,5
10,"wc","Pink_FR",20,50,35,25,55,35,25,50,35,25,55,35,25,55,40,20,50,35,30,60,40,25,55,35,30,50,40,25,55,40,40,60,50,30,60,40,40,65,55,40,80,65,50,75,65,10,20,15
10,"wc","Sockeye_Chilliwack_ES",20,40,30,25,40,30,25,45,35,20,40,30,30,50,40,25,45,35,30,50,40,25,45,35,30,50,40,25,45,35,35,55,40,30,50,40,45,65,60,50,80,70,50,85,70,10,20,15
10,"wc","Sockeye_Cultus_Late",10,20,10,10,20,10,15,25,15,15,25,15,25,45,35,10,20,15,20,30,20,10,20,10,15,25,15,20,40,30,35,65,50,25,40,30,40,70,50,35,65,50,40,65,50,5,10,5
10,"wc","Sockeye_Harrison_Down_Late(Big_Silver)",20,40,30,25,45,30,20,40,30,30,45,35,30,50,40,20,40,30,30,50,40,20,40,30,20,50,35,25,45,35,25,45,35,30,50,40,35,45,40,40,80,70,50,70,60,10,20,15
10,"wc","Sockeye_Harrison_Up_Late(Weaver)",10,30,20,15,30,20,10,30,20,20,40,30,30,50,40,15,30,20,20,40,30,10,30,20,15,35,25,15,35,25,25,45,35,30,50,40,35,45,40,40,70,55,50,70,60,10,20,15
10,"wc","Sockeye_Pitt_ES",10,30,20,20,40,30,30,60,45,25,45,35,40,70,50,15,35,25,35,60,45,10,30,20,10,30,20,10,30,20,40,75,55,25,55,40,45,80,65,65,90,75,70,95,85,5,10,10
10,"wc","Sockeye_Lillooet/Harrison_Late(Birk)",10,15,10,10,15,10,20,30,25,20,25,20,25,35,30,10,15,10,30,45,35,10,15,10,10,15,15,10,15,15,30,60,45,20,30,25,40,60,50,35,60,45,40,60,50,5,10,5
10,"wc","Sockeye_Harrison_River",20,50,40,25,50,40,20,50,40,25,50,45,30,50,45,20,50,40,25,55,40,20,50,40,20,50,40,20,55,40,25,55,45,30,60,40,40,60,55,40,60,50,40,70,55,10,25,10
10,"wc","Sockeye_Widgeon_River",10,20,20,10,25,20,15,25,20,20,30,25,25,45,35,10,25,25,20,30,25,15,25,25,20,30,25,20,30,25,25,45,35,20,40,30,40,60,55,40,70,55,40,70,55,5,15,10
11,"aH","Chinook_LFR_FA_0.3",0,40,30,10,40,30,30,40,35,10,60,50,10,60,50,10,60,50,10,60,50,10,60,50,10,60,50,10,60,50,10,60,50,10,60,50,20,90,70,35,90,70,50,75,70,0,10,5
11,"aH","Chinook_BB_FA_0.3",0,40,20,10,50,30,25,75,65,30,80,60,30,90,80,20,60,40,10,60,40,20,80,60,20,60,40,0,40,20,20,80,60,0,40,20,30,80,65,40,100,90,80,100,90,0,20,0
11,"aH","Chum_LFR",0,40,30,20,50,30,25,80,60,40,90,60,40,90,70,10,40,30,40,90,70,40,80,50,30,80,40,10,40,30,10,40,30,10,40,30,30,70,50,40,90,70,70,100,80,0,20,0
11,"aH","Coho_LFR",0,30,20,20,60,45,40,90,80,40,90,70,40,80,70,10,30,20,30,60,40,10,60,35,10,40,35,10,30,20,10,30,20,10,60,50,20,60,50,40,90,80,80,100,90,0,10,0
11,"aH","Coho_BB",0,40,20,10,50,30,25,75,65,30,80,60,30,90,80,20,60,40,10,60,40,20,80,60,20,60,40,0,40,20,20,80,60,0,40,20,30,80,65,40,100,90,80,100,90,0,20,0
12,"9n","Chinook_LFR_FA_0.3",30,70,45,35,75,55,35,75,50,35,75,50,30,75,45,35,75,55,35,75,55,30,70,45,30,70,45,30,70,45,30,70,45,35,75,55,35,75,55,35,75,55,35,75,60,30,70,45
12,"9n","Chinook_Maria_Slough_SU_0.3",0,20,5,0,25,10,20,35,20,10,25,10,20,35,20,5,25,15,5,25,15,0,25,10,5,30,15,0,20,5,0,20,5,5,30,15,0,25,10,20,35,20,20,40,25,0,20,5
12,"9n","Chinook_LFR_SP_1.3",10,40,30,20,60,50,15,50,40,15,45,35,15,45,35,15,45,35,15,45,35,10,45,30,10,40,30,10,40,30,10,40,30,20,50,40,20,60,50,15,50,40,30,60,55,10,40,30
12,"9n","Chinook_LFR_SU_1.3",10,50,35,20,60,50,15,55,40,15,55,40,15,55,40,15,55,40,15,55,40,10,55,35,10,50,35,10,50,35,10,50,35,20,60,45,20,60,50,15,55,40,30,60,55,10,50,35
12,"9n","Chinook_LFR-Upper_Pitt_SU_1.3",10,30,25,15,40,30,15,35,30,15,35,30,20,40,35,15,35,30,15,35,30,10,35,25,10,30,25,10,30,25,10,30,25,20,40,35,15,40,30,20,40,35,35,50,45,10,30,25
12,"9n","Chinook_BB_FA_0.3",5,20,10,5,30,20,10,25,15,10,25,15,15,30,20,10,25,15,15,30,20,5,25,15,10,25,15,5,20,10,5,20,10,15,35,20,5,30,20,15,30,20,25,40,30,5,20,10
12,"9n","Chum_LFR",20,50,40,25,60,45,30,60,50,25,60,45,25,60,45,25,60,50,30,60,50,20,55,40,25,60,50,20,50,40,20,50,40,30,60,40,25,60,45,30,60,50,35,75,65,20,50,40
12,"9n","Coho_Lillooet",20,50,40,25,55,45,30,60,50,25,60,45,25,55,45,20,55,40,25,60,45,20,50,40,20,50,40,20,50,40,20,50,40,30,60,40,25,55,45,30,60,50,35,70,60,20,50,40
12,"9n","Coho_LFR",20,50,40,25,55,45,30,60,50,25,60,45,25,60,45,20,55,40,25,60,45,20,55,45,25,60,45,20,50,40,20,50,40,30,60,50,25,55,45,30,60,50,35,65,55,20,50,40
12,"9n","Coho_BB",10,30,25,10,30,25,20,40,30,20,35,30,20,40,30,15,35,25,15,40,30,10,35,30,20,40,35,10,30,25,10,30,25,20,45,35,10,30,25,20,40,30,25,50,40,10,30,25
12,"9n","Pink_FR",30,60,50,35,65,55,40,65,55,35,65,55,35,65,55,35,65,55,40,65,55,30,60,50,35,70,60,30,60,50,30,60,50,40,70,60,35,65,55,40,65,55,45,75,65,30,60,50
12,"9n","Sockeye_Chilliwack_ES",30,60,50,40,65,55,35,65,55,35,65,55,30,65,55,30,65,55,30,60,50,30,60,50,30,65,50,30,60,50,30,60,50,40,70,60,40,65,55,35,65,55,40,70,65,30,60,50
12,"9n","Sockeye_Cultus_Late",0,20,10,0,20,10,5,25,15,0,25,10,0,25,15,0,20,10,0,20,10,5,25,15,5,25,15,0,20,10,0,20,10,0,30,20,0,20,10,5,25,15,5,30,20,0,20,10
12,"9n","Sockeye_Harrison_Down_Late(Big_Silver)",30,55,45,40,60,50,35,60,50,35,60,50,35,60,50,30,55,45,35,60,50,30,55,45,30,60,45,30,55,45,30,55,45,40,65,55,40,60,50,35,60,50,40,65,60,30,55,45
12,"9n","Sockeye_Harrison_Up_Late(Weaver)",0,25,15,5,30,20,5,30,20,5,30,20,5,30,20,0,30,20,0,30,15,0,30,15,0,30,15,0,25,15,0,25,15,10,35,25,5,30,20,5,30,20,10,35,30,0,25,15
12,"9n","Sockeye_Pitt_ES",30,60,50,40,65,55,35,70,60,35,65,55,35,65,55,35,65,55,35,65,55,30,65,50,30,65,50,30,60,50,30,60,50,40,70,60,40,65,55,35,70,60,40,70,65,30,60,50
12,"9n","Sockeye_Lillooet/Harrison_Late(Birk)",20,50,45,25,55,50,25,55,50,25,55,50,25,55,50,25,55,50,25,55,50,20,50,45,25,55,50,20,50,45,20,50,45,30,60,55,25,55,50,25,55,50,35,65,60,20,50,45
12,"9n","Sockeye_Harrison_River",30,60,50,40,65,55,35,65,55,35,65,55,35,65,55,35,65,55,35,65,55,30,60,50,35,65,55,30,60,50,30,60,50,40,70,60,40,65,55,35,65,55,40,70,65,30,60,50
12,"9n","Sockeye_Widgeon_River",0,20,10,0,20,10,5,25,15,0,25,10,0,25,15,0,25,10,0,20,10,5,25,15,0,25,10,0,20,10,0,20,10,10,30,20,0,20,10,5,25,15,10,30,25,0,20,10
13,"No","Chinook_LFR_FA_0.3",20,40,30,40,70,60,30,60,55,40,70,60,40,70,60,40,75,65,40,65,60,20,30,25,30,60,55,30,60,55,25,70,60,25,70,60,40,80,75,40,75,70,40,80,75,NA,NA,NA
13,"No","Chinook_Maria_Slough_SU_0.3",20,40,30,40,70,60,NA,NA,NA,NA,NA,NA,NA,NA,NA,NA,NA,NA,NA,NA,NA,NA,NA,NA,NA,NA,NA,NA,NA,NA,NA,NA,NA,NA,NA,NA,NA,NA,NA,NA,NA,NA,NA,NA,NA,NA,NA,NA
13,"No","Chinook_LFR_SP_1.3",20,45,35,40,70,60,NA,NA,NA,NA,NA,NA,NA,NA,NA,NA,NA,NA,NA,NA,NA,NA,NA,NA,NA,NA,NA,NA,NA,NA,NA,NA,NA,NA,NA,NA,NA,NA,NA,NA,NA,NA,NA,NA,NA,NA,NA,NA
14,"gs","Chinook_LFR_FA_0.3",25,50,35,25,55,40,25,60,40,25,50,35,25,55,35,30,55,40,25,50,35,30,55,40,25,55,35,30,60,45,25,50,35,25,55,40,40,70,55,35,65,45,40,80,55,20,45,30
14,"gs","Chinook_Maria_Slough_SU_0.3",25,50,35,25,55,40,25,55,40,25,50,35,25,55,35,30,55,40,25,50,35,30,55,40,25,55,35,30,60,45,25,50,35,25,55,40,40,70,55,35,60,45,40,80,55,20,45,30
14,"gs","Chinook_LFR_SP_1.3",30,60,50,35,65,55,30,65,50,30,60,50,30,60,50,35,65,55,35,65,55,35,65,55,30,65,50,35,70,60,30,60,50,30,65,55,45,80,70,40,70,60,45,90,70,25,55,45
14,"gs","Chinook_LFR_SU_1.3",15,35,20,15,45,35,15,40,20,15,35,20,15,40,20,15,35,20,20,40,25,20,40,25,15,40,20,20,45,30,20,45,30,15,40,25,30,65,55,25,45,30,30,65,45,10,30,15
14,"gs","Chinook_LFR-Upper_Pitt_SU_1.3",0,15,10,5,20,15,0,15,10,0,15,10,0,20,10,5,20,15,0,15,10,5,20,15,0,20,10,0,25,15,0,15,10,0,20,15,5,30,20,10,25,20,15,45,25,0,10,5
14,"gs","Chinook_BB_FA_0.3",15,30,20,20,35,25,20,35,25,15,35,20,15,35,20,20,35,25,20,35,25,20,35,25,15,35,20,20,40,30,20,40,30,15,35,25,30,60,50,25,40,30,30,60,40,10,25,15
14,"gs","Chum_LFR",15,70,45,20,75,50,15,70,45,15,70,45,15,75,45,15,70,45,25,75,55,15,70,45,15,70,45,15,75,50,15,70,45,15,75,45,20,85,60,30,80,60,30,85,65,10,65,40
14,"gs","Pink_FR",35,60,55,40,65,60,35,65,55,35,60,55,35,65,55,35,60,55,45,70,65,35,60,55,35,65,55,35,65,60,35,60,55,35,65,55,40,75,70,50,75,70,55,90,75,30,55,50
14,"gs","Sockeye_Chilliwack_ES",35,65,50,40,70,55,35,65,50,35,65,50,35,70,50,35,65,50,35,65,50,35,65,50,35,65,50,35,70,55,35,65,50,35,70,50,40,80,65,40,75,55,50,90,65,30,60,45
14,"gs","Sockeye_Cultus_Late",0,10,5,0,15,10,0,15,5,0,15,5,5,40,20,0,10,5,0,10,5,15,45,25,20,30,25,0,15,10,0,10,5,0,15,5,0,25,20,10,45,25,25,55,35,0,5,0
14,"gs","Sockeye_Harrison_Down_Late(Big_Silver)",30,65,50,35,70,55,30,65,50,30,65,50,30,65,50,30,65,50,30,65,50,30,65,50,30,65,50,30,65,50,30,65,50,30,70,50,35,75,60,35,70,55,45,85,65,25,60,45
14,"gs","Sockeye_Harrison_Up_Late(Weaver)",10,20,15,15,25,20,10,25,15,10,20,15,10,25,15,10,20,15,10,20,15,10,20,15,10,20,15,10,20,15,10,20,15,10,25,15,15,30,25,15,30,20,25,40,30,5,15,10
14,"gs","Sockeye_Pitt_ES",40,75,65,45,80,70,40,75,65,40,75,65,40,75,65,40,75,65,40,75,65,40,75,65,40,75,65,40,80,70,40,75,65,40,80,65,45,90,80,45,80,70,55,95,80,35,70,60
14,"gs","Sockeye_Lillooet/Harrison_Late(Birk)",25,45,35,30,50,40,25,50,35,25,45,35,25,45,35,25,45,35,25,45,35,25,45,35,25,45,35,25,50,40,25,45,35,25,50,35,30,60,50,30,55,40,40,70,50,20,40,30
14,"gs","Sockeye_Harrison_River",40,75,65,45,80,70,40,80,65,40,75,65,40,80,65,45,80,70,40,75,65,40,75,65,40,75,65,40,75,65,40,75,65,40,80,65,45,85,75,50,80,75,55,95,80,35,70,60
14,"gs","Sockeye_Widgeon_River",25,70,40,35,75,45,25,70,40,25,70,40,25,70,40,35,75,45,25,70,40,25,70,40,25,70,40,25,75,45,25,70,40,25,75,40,35,85,55,40,80,50,45,85,55,20,65,35
15,"6m","Chinook_LFR_FA_0.3",25,50,30,40,75,50,25,50,30,25,50,30,25,50,30,25,60,35,25,50,30,25,50,30,25,55,35,NA,NA,NA,25,50,30,30,55,35,40,75,50,30,60,35,40,75,50,20,45,25
15,"6m","Chinook_Maria_Slough_SU_0.3",0,25,15,5,50,40,0,30,20,0,30,20,0,30,20,0,30,20,0,30,20,0,30,20,0,30,20,NA,NA,NA,0,25,15,5,30,20,10,50,40,5,30,20,10,50,40,0,20,10
15,"6m","Chinook_LFR_SP_1.3",25,50,30,30,75,50,30,60,35,30,60,35,30,55,35,25,60,35,30,55,35,25,50,30,25,55,35,NA,NA,NA,25,50,30,30,55,35,35,75,50,30,60,35,35,75,50,20,45,25
15,"6m","Chinook_LFR_SU_1.3",30,50,40,50,75,60,35,60,45,30,50,40,35,55,45,30,60,45,30,55,45,30,50,40,30,55,45,NA,NA,NA,30,50,40,35,55,45,50,75,60,35,60,45,50,75,60,25,45,35
15,"6m","Chum_LFR",25,75,50,50,75,60,25,75,50,25,75,50,30,80,55,25,80,55,25,85,60,25,85,55,25,75,50,NA,NA,NA,35,85,75,25,75,50,50,85,75,30,85,60,50,90,75,20,70,45
15,"6m","Coho_Lillooet",25,50,30,25,50,30,30,55,55,30,60,40,30,60,35,25,55,35,25,55,35,25,55,35,25,50,30,NA,NA,NA,25,50,30,30,55,35,35,60,40,30,60,55,35,90,65,15,40,20
15,"6m","Coho_LFR",25,50,30,25,50,30,30,55,35,30,60,40,30,60,35,25,55,35,25,60,40,25,55,35,25,50,30,NA,NA,NA,25,50,30,30,55,35,35,60,40,30,60,40,35,65,45,15,40,20
15,"6m","Coho_BB",25,50,30,25,50,30,30,55,35,30,60,40,30,60,35,25,55,35,25,60,40,25,55,35,25,55,35,NA,NA,NA,25,50,30,30,55,35,35,60,40,30,60,40,35,65,45,15,40,20
15,"6m","Pink_FR",50,75,60,75,90,80,50,75,60,60,80,70,50,75,60,50,75,60,55,75,60,50,75,60,50,80,65,NA,NA,NA,50,75,60,50,75,60,75,90,80,60,80,70,75,90,80,45,65,55
15,"6m","Sockeye_Chilliwack_ES",0,25,15,5,40,20,0,25,15,0,25,15,0,25,15,0,30,20,0,25,15,0,25,15,0,25,15,NA,NA,NA,0,25,15,0,30,20,10,40,35,5,30,20,10,40,30,0,20,10
15,"6m","Sockeye_Cultus_Late",0,10,5,0,15,10,0,15,10,0,25,15,0,15,10,0,15,10,0,10,5,0,25,15,0,20,15,NA,NA,NA,0,10,5,0,15,10,10,20,15,5,25,15,10,25,20,0,5,0
15,"6m","Sockeye_Harrison_Down_Late(Big_Silver)",15,50,40,25,75,50,15,50,40,15,50,40,15,50,40,15,50,40,15,50,40,15,50,40,15,50,40,NA,NA,NA,15,50,40,20,55,45,25,75,50,20,55,45,25,75,55,10,45,35
15,"6m","Sockeye_Harrison_Up_Late(Weaver)",15,50,40,25,75,50,15,55,45,15,50,40,15,50,40,15,50,45,15,50,40,15,50,40,15,50,40,NA,NA,NA,15,50,40,20,55,45,25,75,50,20,55,45,25,75,55,10,45,35
15,"6m","Sockeye_Pitt_ES",10,40,30,15,50,40,10,40,30,10,40,30,10,40,30,10,40,35,10,40,30,10,40,30,10,40,30,NA,NA,NA,10,40,30,15,45,35,20,50,40,15,45,35,20,65,45,5,35,25
15,"6m","Sockeye_Lillooet/Harrison_Late(Birk)",15,30,25,25,60,40,15,35,30,15,30,25,15,30,25,15,30,30,15,30,25,15,30,25,15,30,25,NA,NA,NA,15,30,25,20,35,30,25,60,40,20,35,30,25,60,40,10,25,20
15,"6m","Sockeye_Harrison_River",25,50,30,50,75,60,25,50,30,25,50,30,25,50,30,25,50,35,25,50,30,25,50,30,25,50,30,NA,NA,NA,25,50,30,25,50,30,50,75,60,30,55,35,50,75,60,20,45,25
15,"6m","Sockeye_Widgeon_River",25,50,30,50,75,60,25,50,30,25,50,30,25,50,30,25,50,35,25,50,30,25,50,30,25,50,30,NA,NA,NA,25,50,30,25,50,30,50,75,60,30,55,35,50,75,60,20,45,25
16,"cG","Chinook_LFR_FA_0.3",20,40,30,40,60,50,30,50,40,30,50,40,30,50,40,20,40,30,20,40,30,20,40,30,20,40,30,20,40,30,20,40,30,20,40,30,40,60,50,50,70,60,60,80,70,20,40,30
16,"cG","Chinook_Maria_Slough_SU_0.3",20,40,30,40,60,50,40,60,50,30,50,40,30,50,40,20,40,30,20,40,30,20,40,30,30,50,40,20,40,30,20,40,30,20,40,30,40,60,50,50,70,60,60,80,70,20,40,30
16,"cG","Chinook_LFR_SP_1.3",20,40,30,40,60,50,30,50,40,30,50,40,30,50,40,20,40,30,40,60,50,20,40,30,20,40,30,20,40,30,20,40,30,20,40,30,40,60,50,50,70,60,60,80,70,20,40,30
16,"cG","Chinook_LFR_SU_1.3",50,70,60,60,80,70,60,80,70,70,90,80,60,80,70,60,80,70,60,80,70,60,80,70,60,80,70,60,80,70,60,80,70,60,80,70,70,90,80,70,90,80,70,90,80,50,70,60
16,"cG","Chinook_LFR-Upper_Pitt_SU_1.3",10,30,20,30,50,40,10,30,20,20,40,30,20,40,30,20,40,30,10,30,20,10,30,20,10,30,20,10,30,20,10,30,20,10,30,20,30,50,40,40,60,50,40,60,50,10,30,20
16,"cG","Chinook_BB_FA_0.3",50,70,60,60,80,70,65,85,75,70,80,75,70,90,80,60,80,70,70,90,80,60,80,70,70,90,70,60,80,70,60,80,70,60,80,70,60,80,70,70,90,80,70,90,80,50,70,60
16,"cG","Chum_LFR",60,80,70,65,85,75,60,80,70,60,80,70,70,90,80,70,90,80,60,80,70,60,80,70,60,80,70,60,80,70,60,80,70,60,80,70,65,85,75,70,90,80,70,90,80,NA,NA,NA
16,"cG","Coho_Lillooet",20,40,30,35,55,45,NA,NA,NA,30,50,40,30,50,40,NA,NA,NA,NA,NA,NA,NA,NA,NA,NA,NA,NA,NA,NA,NA,NA,NA,NA,NA,NA,NA,NA,NA,NA,NA,NA,NA,NA,NA,NA,NA,NA,NA
16,"cG","Coho_LFR",20,40,30,35,55,45,NA,NA,NA,30,50,40,30,50,40,NA,NA,NA,NA,NA,NA,NA,NA,NA,NA,NA,NA,NA,NA,NA,NA,NA,NA,NA,NA,NA,NA,NA,NA,NA,NA,NA,NA,NA,NA,NA,NA,NA
16,"cG","Coho_BB",20,40,30,35,55,45,NA,NA,NA,30,50,40,30,50,40,NA,NA,NA,NA,NA,NA,NA,NA,NA,NA,NA,NA,NA,NA,NA,NA,NA,NA,NA,NA,NA,NA,NA,NA,NA,NA,NA,NA,NA,NA,NA,NA,NA
16,"cG","Pink_FR",50,80,65,60,90,70,50,80,65,50,80,65,60,90,75,50,80,65,50,80,65,50,80,65,50,80,65,50,80,65,50,80,65,50,80,65,NA,NA,NA,NA,NA,NA,NA,NA,NA,NA,NA,NA
17,"IL","Chinook_LFR_FA_0.3",20,40,30,20,60,50,35,80,60,25,80,60,50,80,70,60,75,70,50,90,80,40,70,60,60,85,80,40,70,60,42,60,50,35,75,70,45,80,70,70,95,90,70,95,90,20,40,30
17,"IL","Chinook_Maria_Slough_SU_0.3",20,40,30,20,60,50,35,80,60,25,80,60,50,80,75,60,75,70,30,60,50,60,90,80,60,85,80,40,70,60,42,60,50,35,75,70,45,80,70,70,95,90,70,95,90,20,40,30
17,"IL","Chinook_LFR_SP_1.3",20,40,30,20,60,50,35,80,60,25,70,60,50,80,75,60,75,70,30,60,50,40,70,60,60,80,70,40,70,60,42,60,50,35,75,70,45,80,70,70,95,90,70,95,90,20,40,30
17,"IL","Chinook_LFR_SU_1.3",20,40,30,20,60,50,35,80,60,25,80,60,50,80,75,60,75,70,30,60,50,40,70,60,60,80,70,40,70,60,42,60,50,35,75,70,45,80,70,70,95,90,70,95,90,20,40,30
17,"IL","Chinook_LFR-Upper_Pitt_SU_1.3",20,40,30,20,60,50,35,80,60,25,70,60,50,80,75,60,75,70,30,60,50,40,70,60,60,80,70,40,70,60,42,60,50,35,75,70,45,80,70,70,95,90,70,95,90,20,40,30
17,"IL","Chinook_BB_FA_0.3",5,20,10,10,40,30,35,80,60,10,80,60,60,90,80,60,75,70,40,90,80,40,70,60,60,80,70,40,70,60,42,60,50,35,75,70,45,80,70,70,95,90,70,95,90,5,20,10
17,"IL","Chum_LFR",20,40,30,30,70,60,35,80,60,25,80,60,40,80,75,60,75,70,30,70,65,40,70,60,60,80,70,40,70,60,42,60,50,35,75,70,45,80,70,70,95,90,70,95,90,20,40,30
17,"IL","Coho_Lillooet",10,30,25,40,70,60,35,80,60,30,90,80,60,90,85,60,75,70,30,70,65,40,70,60,60,80,70,40,70,60,42,60,50,20,70,60,45,80,70,70,95,90,70,95,90,10,30,25
17,"IL","Coho_LFR",10,30,25,40,70,60,35,80,60,30,70,40,60,90,85,60,75,70,60,90,80,40,70,60,60,80,70,40,70,60,42,60,50,35,75,70,45,80,70,70,95,90,70,95,90,10,30,25
17,"IL","Coho_BB",5,20,10,40,70,60,35,80,60,30,70,40,60,90,85,60,75,70,40,90,80,40,70,60,60,80,70,40,70,60,42,60,50,35,75,70,45,80,70,70,95,90,70,95,90,5,20,10
17,"IL","Pink_FR",20,40,30,30,70,60,35,80,60,30,90,80,40,80,75,60,75,70,60,95,90,40,70,60,60,80,70,40,70,60,42,60,50,20,70,70,45,80,70,70,95,90,70,95,90,20,40,30
17,"IL","Sockeye_Chilliwack_ES",40,60,50,45,80,60,45,80,60,45,70,65,40,70,65,60,75,70,50,65,60,40,70,60,60,80,70,40,70,60,42,60,50,42,75,70,45,80,70,70,95,90,70,95,90,40,60,50
17,"IL","Sockeye_Cultus_Late",40,60,50,45,80,70,45,80,60,40,70,65,40,70,65,60,75,70,50,65,60,60,80,60,60,80,70,40,70,60,42,60,50,42,75,70,45,80,70,70,95,90,70,95,90,40,60,50
17,"IL","Sockeye_Harrison_Down_Late(Big_Silver)",40,60,50,45,80,70,45,80,60,40,90,70,60,90,70,60,75,70,60,90,80,40,70,60,60,80,70,40,70,60,42,60,50,41,70,60,45,80,70,70,95,90,70,95,90,40,60,50
17,"IL","Sockeye_Harrison_Up_Late(Weaver)",40,60,50,45,80,70,45,80,60,40,90,70,60,90,70,60,75,70,60,90,80,40,70,60,60,80,70,40,70,60,42,60,50,41,70,60,45,80,70,70,95,90,70,95,90,40,60,50
17,"IL","Sockeye_Pitt_ES",40,60,50,45,80,60,45,80,60,40,70,65,40,70,65,60,75,70,50,65,60,40,70,60,60,80,70,40,70,60,42,60,50,42,75,70,45,80,70,70,95,90,70,95,90,40,60,50
17,"IL","Sockeye_Lillooet/Harrison_Late(Birk)",40,60,50,45,80,70,45,80,60,40,70,65,40,70,65,60,75,70,50,65,60,40,70,60,60,80,70,40,70,60,42,60,50,42,75,70,45,80,70,70,95,90,70,95,90,40,60,50
17,"IL","Sockeye_Harrison_River",40,60,50,45,80,60,45,80,60,40,70,65,40,70,65,60,75,70,50,65,60,40,70,60,60,80,70,40,70,60,42,60,50,41,70,60,45,80,70,70,95,90,70,95,90,40,60,50
17,"IL","Sockeye_Widgeon_River",40,60,50,45,80,60,45,80,60,40,70,65,40,70,65,60,75,70,50,65,60,60,90,80,60,85,80,40,70,60,42,60,50,42,75,70,45,80,60,70,95,90,70,95,90,40,60,50
18,"Ko","Chinook_LFR_FA_0.3",60,90,80,70,100,90,60,90,80,65,95,85,60,90,80,80,100,100,60,90,80,60,90,80,60,90,80,60,90,80,70,100,90,NA,NA,NA,80,100,100,90,100,100,85,100,100,60,90,80
18,"Ko","Chinook_Maria_Slough_SU_0.3",50,70,60,70,100,90,50,70,60,55,75,65,50,70,60,70,90,80,50,70,60,50,70,60,50,70,60,50,70,60,60,80,70,NA,NA,NA,80,100,100,80,100,90,75,100,95,50,70,60
18,"Ko","Chinook_LFR_SP_1.3",50,70,60,70,100,90,50,70,60,55,75,65,50,70,60,70,90,80,50,70,60,50,70,60,50,70,60,50,70,60,60,80,70,NA,NA,NA,80,100,100,80,100,90,75,100,95,50,70,60
18,"Ko","Chinook_LFR_SU_1.3",50,70,60,70,100,90,50,70,60,55,75,65,50,70,60,70,90,80,50,70,60,50,70,60,50,70,60,50,70,60,60,80,70,NA,NA,NA,80,100,100,80,100,90,75,100,95,50,70,60
18,"Ko","Chinook_LFR-Upper_Pitt_SU_1.3",40,60,50,70,100,90,40,60,50,45,65,55,40,60,50,60,80,70,40,60,50,40,60,50,40,60,50,40,60,50,50,70,60,NA,NA,NA,80,100,100,70,90,80,75,100,95,40,60,50
18,"Ko","Chinook_BB_FA_0.3",30,50,40,70,100,90,30,50,40,35,55,45,30,50,40,50,70,60,30,50,40,30,50,40,30,50,40,30,50,40,40,60,50,NA,NA,NA,80,100,100,60,80,70,75,100,95,30,50,40
18,"Ko","Chum_LFR",60,80,70,65,85,75,60,80,70,65,85,75,60,80,70,70,90,80,60,80,70,60,80,70,60,80,70,60,80,70,70,90,80,NA,NA,NA,75,95,85,80,100,90,75,95,85,60,80,70
18,"Ko","Coho_Lillooet",40,60,50,55,75,65,40,60,50,45,65,55,40,60,50,50,70,60,50,70,60,40,60,50,40,60,50,40,60,50,50,70,60,NA,NA,NA,65,85,75,60,80,70,60,80,70,40,60,50
18,"Ko","Coho_LFR",40,60,50,55,75,65,40,60,50,45,65,55,40,60,50,50,70,60,50,70,60,40,60,50,40,60,50,40,60,50,50,70,60,NA,NA,NA,65,85,75,60,80,70,60,80,70,40,60,50
18,"Ko","Coho_BB",40,60,50,55,75,65,40,60,50,45,65,55,40,60,50,50,70,60,50,70,60,40,60,50,40,60,50,40,60,50,50,70,60,NA,NA,NA,65,85,75,60,80,70,60,80,70,40,60,50
18,"Ko","Pink_FR",60,80,70,65,85,75,60,80,70,65,85,75,60,80,70,70,90,80,60,80,70,60,80,70,60,80,70,60,80,70,70,90,80,NA,NA,NA,75,95,85,80,100,90,75,95,85,60,80,70
18,"Ko","Sockeye_Chilliwack_ES",60,80,70,80,100,90,60,80,70,65,85,75,60,80,70,60,80,70,60,80,70,60,80,70,60,80,70,60,80,70,60,80,70,NA,NA,NA,90,100,100,70,90,80,85,100,95,60,80,70
18,"Ko","Sockeye_Cultus_Late",20,40,30,80,100,90,20,40,30,25,45,35,20,40,30,20,40,30,20,40,30,20,40,30,20,40,30,20,40,30,20,40,30,NA,NA,NA,90,100,100,30,50,40,85,100,95,20,40,30
18,"Ko","Sockeye_Harrison_Down_Late(Big_Silver)",60,80,70,80,100,90,60,80,70,65,85,75,60,80,70,60,80,70,60,80,70,60,80,70,60,80,70,60,80,70,60,80,70,NA,NA,NA,90,100,100,70,90,80,85,100,95,60,80,70
18,"Ko","Sockeye_Harrison_Up_Late(Weaver)",40,60,50,80,100,90,40,60,50,45,65,55,40,60,50,40,60,50,40,60,50,40,60,50,40,60,50,40,60,50,40,60,50,NA,NA,NA,90,100,100,50,70,60,85,100,95,40,60,50
18,"Ko","Sockeye_Pitt_ES",60,80,70,80,100,90,60,80,70,65,85,75,60,80,70,60,80,70,60,80,70,60,80,70,60,80,70,60,80,70,60,80,70,NA,NA,NA,90,100,100,70,90,80,85,100,95,60,80,70
18,"Ko","Sockeye_Lillooet/Harrison_Late(Birk)",50,70,60,80,100,90,50,70,60,55,75,65,50,70,60,50,70,60,50,70,60,50,70,60,50,70,60,50,70,60,50,70,60,NA,NA,NA,90,100,100,60,80,70,85,100,95,50,70,60
18,"Ko","Sockeye_Harrison_River",70,90,80,80,100,90,70,90,80,75,95,85,70,90,80,70,90,80,70,90,80,70,90,80,70,90,80,70,90,80,70,90,80,NA,NA,NA,90,100,100,80,100,90,85,100,95,70,90,80
18,"Ko","Sockeye_Widgeon_River",20,40,30,80,100,90,20,40,30,25,45,35,20,40,30,20,40,30,20,40,30,20,40,30,20,40,30,20,40,30,20,40,30,NA,NA,NA,90,100,100,30,50,40,85,100,95,20,40,30
19,"Hw","Chinook_LFR_FA_0.3",20,40,30,25,45,35,30,60,45,50,90,70,40,80,60,50,90,70,40,80,60,30,70,50,40,80,60,50,90,70,40,80,60,40,80,60,60,100,80,60,100,80,60,100,80,20,70,30
19,"Hw","Chinook_LFR_SP_1.3",20,40,30,25,45,35,30,60,45,40,80,60,40,80,60,50,90,70,40,80,60,30,70,50,40,80,60,50,90,70,40,80,60,40,80,60,60,100,80,60,100,80,60,100,80,20,70,30
19,"Hw","Chinook_BB_FA_0.3",20,40,30,25,45,35,30,60,45,40,80,60,40,80,60,40,80,60,40,80,60,40,80,60,40,80,60,40,80,60,40,80,60,40,80,60,50,90,70,60,100,80,60,100,80,10,30,20
19,"Hw","Chum_LFR",20,40,30,25,45,35,30,60,45,40,80,60,40,80,60,40,80,60,40,80,60,40,80,60,40,80,60,40,80,60,40,80,60,40,80,60,40,80,60,60,100,80,60,100,80,10,30,20
19,"Hw","Coho_Lillooet",20,40,30,25,45,35,30,60,45,40,80,60,40,80,60,40,80,60,40,80,60,30,70,50,40,80,60,40,80,60,40,80,60,40,80,60,40,80,60,60,100,80,60,100,80,10,30,20
19,"Hw","Coho_LFR",15,35,25,20,40,30,30,60,45,40,80,60,40,80,60,40,80,60,40,80,60,30,70,50,40,80,60,40,80,60,40,80,60,40,80,60,40,80,60,60,100,80,60,100,80,10,30,20
19,"Hw","Coho_BB",20,40,30,20,40,30,30,60,45,40,80,60,40,80,60,40,80,60,40,80,60,40,80,60,40,80,60,40,80,60,40,80,60,40,80,60,40,80,60,60,100,80,60,100,80,10,30,20
19,"Hw","Pink_FR",20,40,30,25,45,35,30,60,45,40,80,60,40,80,60,40,80,60,40,80,60,40,80,60,40,80,60,40,80,60,40,80,60,40,80,60,40,80,60,60,100,80,60,100,80,10,30,20
19,"Hw","Sockeye_Chilliwack_ES",20,40,30,25,45,35,30,60,45,40,80,60,40,80,60,40,80,60,40,80,60,40,80,60,40,80,60,40,80,60,40,80,60,40,80,60,40,80,60,60,100,80,60,100,80,10,30,20
19,"Hw","Sockeye_Cultus_Late",0,0,0,0,0,0,0,0,0,0,0,0,0,0,0,0,0,0,0,0,0,0,0,0,0,0,0,0,0,0,0,0,0,0,0,0,0,0,0,0,0,0,0,0,0,0,0,0
19,"Hw","Sockeye_Harrison_Down_Late(Big_Silver)",20,40,30,20,40,30,30,60,45,40,80,60,40,80,60,40,80,60,40,80,60,40,80,60,40,80,60,40,80,60,40,80,60,40,80,60,40,80,60,60,100,80,60,100,80,10,30,20
19,"Hw","Sockeye_Harrison_Up_Late(Weaver)",15,35,25,20,40,30,30,60,45,40,80,60,40,80,60,40,80,60,40,80,60,40,80,60,40,80,60,40,80,60,40,80,60,40,80,60,40,80,60,60,100,80,60,100,80,10,30,20
19,"Hw","Sockeye_Pitt_ES",15,25,25,20,40,30,30,60,45,40,80,60,40,80,60,40,80,60,40,80,60,40,80,60,40,80,60,40,80,60,40,80,60,40,80,60,40,80,60,60,100,80,60,100,80,10,30,20
19,"Hw","Sockeye_Lillooet/Harrison_Late(Birk)",15,35,25,20,40,30,30,60,45,40,80,60,40,80,60,40,80,60,40,80,60,40,80,60,40,80,60,40,80,60,40,80,60,40,80,60,40,80,60,60,100,80,60,100,80,10,30,20
19,"Hw","Sockeye_Harrison_River",15,35,25,20,40,30,30,60,45,40,80,60,40,80,60,40,80,60,40,80,60,40,80,60,40,80,60,40,80,60,40,80,60,40,80,60,40,80,60,60,100,80,60,100,80,10,30,20
19,"Hw","Sockeye_Widgeon_River",15,35,25,20,40,30,30,60,45,40,80,60,40,80,60,40,80,60,40,80,60,40,80,60,40,80,60,40,80,60,40,80,60,40,80,60,40,80,60,60,100,80,60,100,80,10,30,20
20,"tA","Chinook_LFR_FA_0.3",10,30,20,70,90,80,30,70,50,40,80,70,30,70,60,10,50,30,30,80,60,10,30,20,50,80,70,30,70,50,70,100,80,10,30,20,70,100,80,40,80,70,70,100,80,NA,NA,NA
20,"tA","Chinook_Maria_Slough_SU_0.3",10,30,20,70,90,80,30,70,50,40,80,70,30,70,60,10,50,30,30,80,60,10,30,20,50,80,70,30,70,50,70,100,80,10,30,20,70,100,80,40,80,70,70,100,80,NA,NA,NA
20,"tA","Chinook_LFR_SP_1.3",10,30,20,70,90,80,30,70,50,40,80,70,30,70,60,10,50,30,30,80,60,10,30,20,50,80,70,30,70,50,70,100,80,10,30,20,70,100,80,40,80,70,70,100,80,NA,NA,NA
20,"tA","Chinook_LFR_SU_1.3",10,30,20,70,90,80,30,70,50,40,80,70,30,70,60,10,50,30,30,80,60,10,30,20,50,80,70,30,70,50,70,100,80,10,30,20,70,100,80,40,80,70,70,100,80,NA,NA,NA
20,"tA","Chinook_LFR-Upper_Pitt_SU_1.3",10,30,20,70,90,80,30,70,50,40,80,70,30,70,60,10,50,30,30,80,60,10,30,20,50,80,70,30,70,50,70,100,80,10,30,20,70,100,80,40,80,70,70,100,80,NA,NA,NA
20,"tA","Chinook_BB_FA_0.3",10,30,20,70,90,80,30,70,50,40,80,70,30,70,60,10,50,30,30,80,60,10,30,20,50,80,70,30,70,50,70,100,80,10,30,20,70,100,80,40,80,70,70,100,80,NA,NA,NA
20,"tA","Chum_LFR",10,30,20,70,90,80,30,70,50,40,80,70,30,70,60,10,50,30,30,80,60,10,30,20,50,80,70,30,70,50,70,100,80,10,30,20,70,100,80,40,80,70,70,100,80,NA,NA,NA
20,"tA","Coho_Lillooet",10,30,20,70,90,80,30,70,50,40,80,70,30,70,60,10,50,30,30,80,60,10,30,20,50,80,70,30,70,50,70,100,80,10,30,20,70,100,80,40,80,70,70,100,80,NA,NA,NA
20,"tA","Coho_LFR",10,30,20,70,90,80,30,70,50,40,80,70,30,70,60,10,50,30,30,80,60,10,30,20,50,80,70,30,70,50,70,100,80,10,30,20,70,100,80,40,80,70,70,100,80,NA,NA,NA
20,"tA","Coho_BB",10,30,20,70,90,80,30,70,50,40,80,70,30,70,60,10,50,30,30,80,60,10,30,20,50,80,70,30,70,50,70,100,80,10,30,20,70,100,80,40,80,70,70,100,80,NA,NA,NA
20,"tA","Pink_FR",10,30,20,70,90,80,30,70,50,40,80,70,30,70,60,10,50,30,30,80,60,10,30,20,50,80,70,30,70,50,70,100,80,10,30,20,70,100,80,40,80,70,70,100,80,NA,NA,NA
20,"tA","Sockeye_Chilliwack_ES",10,30,20,70,90,80,30,70,50,40,80,70,30,70,60,10,50,30,30,80,60,10,30,20,50,80,70,30,70,50,70,100,80,10,30,20,70,100,80,40,80,70,70,100,80,NA,NA,NA
20,"tA","Sockeye_Cultus_Late",10,30,20,70,90,80,30,70,50,40,80,70,30,70,60,10,50,30,30,80,60,10,30,20,50,80,70,30,70,50,70,100,80,10,30,20,70,100,80,40,80,70,70,100,80,NA,NA,NA
20,"tA","Sockeye_Harrison_Down_Late(Big_Silver)",10,30,20,70,90,80,30,70,50,40,80,70,30,70,60,10,50,30,30,80,60,10,30,20,50,80,70,30,70,50,70,100,80,10,30,20,70,100,80,40,80,70,70,100,80,NA,NA,NA
20,"tA","Sockeye_Harrison_Up_Late(Weaver)",10,30,20,70,90,80,30,70,50,40,80,70,30,70,60,10,50,30,30,80,60,10,30,20,50,80,70,30,70,50,70,100,80,10,30,20,70,100,80,40,80,70,70,100,80,NA,NA,NA
20,"tA","Sockeye_Pitt_ES",10,30,20,70,90,80,30,70,50,40,80,70,30,70,60,10,50,30,30,80,60,10,30,20,50,80,70,30,70,50,70,100,80,10,30,20,70,100,80,40,80,70,70,100,80,NA,NA,NA
20,"tA","Sockeye_Lillooet/Harrison_Late(Birk)",10,30,20,70,90,80,30,70,50,40,80,70,30,70,60,10,50,30,30,80,60,10,30,20,50,80,70,30,70,50,70,100,80,10,30,20,70,100,80,40,80,70,70,100,80,NA,NA,NA
20,"tA","Sockeye_Harrison_River",10,30,20,70,90,80,30,70,50,40,80,70,30,70,60,10,50,30,30,80,60,10,30,20,50,80,70,30,70,50,70,100,80,10,30,20,70,100,80,40,80,70,70,100,80,NA,NA,NA
20,"tA","Sockeye_Widgeon_River",10,30,20,70,90,80,30,70,50,40,80,70,30,70,60,10,50,30,30,80,60,10,30,20,50,80,70,30,70,50,70,100,80,10,30,20,70,100,80,40,80,70,70,100,80,NA,NA,NA
21,"n5","Chinook_LFR_FA_0.3",10,30,30,50,70,60,50,70,60,50,80,70,50,70,70,50,80,80,50,80,80,10,50,50,50,80,80,20,60,50,20,60,50,20,60,50,60,90,85,50,100,90,50,100,100,0,50,50
21,"n5","Chinook_Maria_Slough_SU_0.3",10,30,30,30,70,60,50,90,90,50,80,80,50,80,80,50,80,80,50,90,90,30,70,60,30,70,60,30,70,60,30,70,60,30,80,70,50,100,90,50,90,90,50,100,100,0,50,10
21,"n5","Chinook_LFR_SP_1.3",10,30,30,10,80,80,50,80,80,50,80,80,50,80,80,50,80,80,50,80,80,20,60,60,50,80,70,10,60,40,10,60,50,10,30,30,50,100,100,80,100,100,50,80,80,0,50,10
21,"n5","Chinook_LFR_SU_1.3",10,30,30,20,60,60,20,50,50,30,70,50,20,50,50,30,60,60,50,70,60,30,70,60,30,70,50,20,50,50,20,50,50,10,50,30,50,80,80,50,80,70,50,70,70,0,50,10
21,"n5","Chinook_LFR-Upper_Pitt_SU_1.3",10,30,30,10,30,30,20,60,50,10,30,30,20,60,50,20,60,50,30,60,60,20,60,50,30,70,60,20,50,50,30,70,60,10,50,50,50,70,70,50,80,80,50,90,80,0,50,10
21,"n5","Chinook_BB_FA_0.3",0,10,10,50,80,70,50,70,60,50,70,50,50,70,60,50,70,60,50,80,70,40,80,80,50,80,80,50,80,80,20,30,30,30,50,50,70,90,80,70,90,90,50,90,80,0,50,10
21,"n5","Chum_LFR",10,30,30,50,75,70,50,80,75,50,70,60,50,80,70,50,80,70,50,80,70,50,70,70,50,90,80,50,70,70,50,70,70,50,80,70,50,80,70,50,90,90,50,90,80,0,50,10
21,"n5","Coho_Lillooet",10,30,30,20,70,70,20,80,70,30,80,70,20,70,60,10,90,90,10,50,50,20,50,50,20,90,80,20,70,70,10,50,50,20,80,70,50,80,80,50,90,90,30,90,90,0,50,10
21,"n5","Coho_LFR",10,30,30,10,70,50,15,70,50,20,70,60,20,70,70,10,80,70,20,70,70,20,50,50,20,80,70,10,50,50,20,70,70,20,80,70,50,80,80,50,80,70,50,90,90,0,50,10
21,"n5","Coho_BB",10,20,20,10,80,80,20,80,80,50,90,80,50,90,80,50,90,80,30,100,80,30,80,80,20,80,70,30,80,80,30,80,70,10,90,70,50,90,80,50,100,90,50,100,90,0,50,10
21,"n5","Pink_FR",10,40,30,20,70,60,30,80,70,20,80,70,30,80,70,30,90,70,30,70,60,20,80,70,30,80,70,10,60,50,10,70,60,10,60,50,50,80,70,50,90,80,50,90,70,0,50,10
21,"n5","Sockeye_Chilliwack_ES",20,60,60,20,70,70,20,80,70,20,70,60,20,80,70,20,70,60,20,80,70,20,90,80,20,90,80,20,70,60,20,70,70,20,60,60,50,90,80,50,90,80,50,100,90,0,50,10
21,"n5","Sockeye_Cultus_Late",20,50,40,20,60,50,20,50,50,20,80,70,20,70,60,20,80,70,20,80,70,20,100,90,20,100,90,20,90,80,20,70,60,20,50,50,50,100,90,50,80,70,50,100,90,0,50,10
21,"n5","Sockeye_Harrison_Down_Late(Big_Silver)",40,90,80,40,90,80,50,100,90,50,90,80,50,90,80,50,90,80,40,90,80,40,100,90,50,100,80,40,90,80,40,90,80,40,90,80,50,100,80,50,100,90,50,100,100,0,50,10
21,"n5","Sockeye_Harrison_Up_Late(Weaver)",10,20,20,30,80,70,10,80,70,20,70,60,10,60,50,10,70,60,20,80,70,10,70,60,20,70,60,10,70,60,10,60,50,10,50,50,50,100,70,50,90,90,50,80,70,0,50,10
21,"n5","Sockeye_Pitt_ES",20,60,55,70,100,90,50,100,80,50,90,80,50,80,80,50,90,80,50,100,90,50,100,90,50,100,90,50,100,90,50,100,90,30,100,90,70,100,90,50,100,100,80,100,100,0,50,10
21,"n5","Sockeye_Lillooet/Harrison_Late(Birk)",20,50,40,20,70,50,20,50,50,20,80,70,50,100,90,50,100,90,50,100,90,50,80,70,50,90,80,60,100,90,60,100,90,20,100,100,60,100,90,70,100,100,90,100,100,0,50,10
21,"n5","Sockeye_Harrison_River",10,20,20,20,60,50,20,50,50,30,60,50,30,70,60,20,60,50,20,60,50,20,60,50,30,80,70,10,60,50,10,50,50,20,60,50,40,70,60,50,80,80,50,80,70,0,50,10
21,"n5","Sockeye_Widgeon_River",20,40,35,20,60,50,50,70,60,20,60,60,30,70,60,20,70,60,20,50,50,20,50,50,20,70,60,20,50,50,20,50,50,20,50,50,50,70,60,50,70,60,50,70,70,0,50,10
22,"Hf","Chinook_LFR_FA_0.3",25,45,40,36,56,40,35,55,49,35,55,51,45,70,68,NA,NA,NA,NA,NA,NA,38,48,45,NA,NA,NA,37,48,47,NA,NA,NA,43,70,68,37,57,48,51,80,73,60,80,75,NA,NA,NA
22,"Hf","Chinook_Maria_Slough_SU_0.3",20,30,25,20,39,34,25,50,45,25,65,60,50,60,55,NA,NA,NA,NA,NA,NA,25,35,30,NA,NA,NA,25,36,28,NA,NA,NA,30,60,59,45,57,55,50,70,67,55,73,65,NA,NA,NA
22,"Hf","Chinook_LFR_SP_1.3",20,44,32,25,50,40,26,50,47,35,55,50,23,58,57,NA,NA,NA,NA,NA,NA,24,49,45,NA,NA,NA,26,48,46,NA,NA,NA,39,75,75,48,68,67,75,85,75,75,80,77,NA,NA,NA
22,"Hf","Chinook_LFR_SU_1.3",25,49,35,25,51,50,28,65,52,52,68,54,40,74,58,NA,NA,NA,NA,NA,NA,30,49,45,NA,NA,NA,28,49,48,NA,NA,NA,43,70,67,43,76,57,54,80,80,54,80,74,NA,NA,NA
22,"Hf","Chinook_LFR-Upper_Pitt_SU_1.3",20,28,25,21,28,26,22,59,45,25,61,34,25,70,57,NA,NA,NA,NA,NA,NA,22,39,27,NA,NA,NA,22,49,45,NA,NA,NA,35,75,72,47,62,59,55,75,59,57,80,75,NA,NA,NA
22,"Hf","Chinook_BB_FA_0.3",10,45,22,15,45,30,25,53,44,40,57,50,45,60,52,NA,NA,NA,NA,NA,NA,15,52,28,NA,NA,NA,25,52,42,NA,NA,NA,25,57,49,28,76,56,45,67,65,60,65,60,NA,NA,NA
22,"Hf","Chum_LFR",25,52,45,27,75,52,27,70,51,25,75,57,30,76,60,NA,NA,NA,NA,NA,NA,28,55,49,NA,NA,NA,30,66,50,NA,NA,NA,40,74,57,35,75,63,50,76,63,64,88,75,NA,NA,NA
22,"Hf","Coho_Lillooet",22,33,27,25,61,50,25,58,50,27,70,55,32,66,59,NA,NA,NA,NA,NA,NA,25,53,35,NA,NA,NA,30,67,53,NA,NA,NA,39,70,53,45,74,56,46,73,59,58,79,72,NA,NA,NA
22,"Hf","Coho_BB",10,20,10,10,20,10,20,50,40,20,30,25,50,60,55,NA,NA,NA,NA,NA,NA,15,28,25,NA,NA,NA,11,21,11,NA,NA,NA,20,30,20,11,22,13,50,60,55,50,60,55,NA,NA,NA
22,"Hf","Pink_FR",30,68,50,31,74,51,30,74,50,32,68,54,32,70,56,NA,NA,NA,NA,NA,NA,30,68,54,NA,NA,NA,35,72,50,NA,NA,NA,44,72,52,75,81,79,62,74,72,80,90,90,NA,NA,NA
22,"Hf","Sockeye_Chilliwack_ES",25,55,45,25,56,51,25,55,50,26,73,52,28,65,58,NA,NA,NA,NA,NA,NA,29,55,51,NA,NA,NA,26,55,47,NA,NA,NA,29,65,58,40,72,68,43,77,58,55,85,80,NA,NA,NA
22,"Hf","Sockeye_Cultus_Late",15,20,18,19,30,25,18,25,22,19,33,22,18,39,27,NA,NA,NA,NA,NA,NA,18,23,23,NA,NA,NA,20,23,22,NA,NA,NA,21,43,25,28,31,29,20,75,39,35,45,45,NA,NA,NA
22,"Hf","Sockeye_Harrison_Down_Late(Big_Silver)",25,45,33,25,53,50,30,50,49,35,55,50,30,60,55,NA,NA,NA,NA,NA,NA,28,53,52,NA,NA,NA,41,51,46,NA,NA,NA,50,70,68,41,56,56,48,75,60,70,75,74,NA,NA,NA
22,"Hf","Sockeye_Harrison_Up_Late(Weaver)",15,20,18,25,55,50,25,50,40,35,40,35,35,50,45,NA,NA,NA,NA,NA,NA,20,30,28,NA,NA,NA,20,22,20,NA,NA,NA,20,30,20,32,73,53,50,75,62,60,75,70,NA,NA,NA
22,"Hf","Sockeye_Pitt_ES",32,70,52,37,72,53,44,70,55,34,73,57,33,72,55,NA,NA,NA,NA,NA,NA,38,72,68,NA,NA,NA,34,71,66,NA,NA,NA,33,75,73,37,77,74,44,75,74,50,78,75,NA,NA,NA
22,"Hf","Sockeye_Lillooet/Harrison_Late(Birk)",40,50,50,50,70,70,40,50,50,45,55,53,40,50,50,NA,NA,NA,NA,NA,NA,45,63,58,NA,NA,NA,42,52,51,NA,NA,NA,50,60,58,66,72,70,45,75,55,70,75,74,NA,NA,NA
22,"Hf","Sockeye_Harrison_River",50,60,50,55,70,68,65,70,68,55,65,60,60,73,70,NA,NA,NA,NA,NA,NA,59,69,59,NA,NA,NA,51,62,52,NA,NA,NA,60,70,65,56,72,69,65,75,73,80,85,80,NA,NA,NA
22,"Hf","Sockeye_Widgeon_River",10,20,15,15,20,20,15,30,25,30,40,35,30,40,35,NA,NA,NA,NA,NA,NA,15,25,22,NA,NA,NA,11,20,16,NA,NA,NA,20,30,25,22,30,22,30,75,40,30,40,35,NA,NA,NA
23,"mm","Chinook_LFR_FA_0.3",20,40,30,30,50,40,40,60,50,40,60,50,40,60,50,40,60,50,25,45,35,30,50,40,30,50,40,30,50,40,40,60,50,30,50,40,40,60,50,50,70,60,55,75,65,17,37,27
23,"mm","Chinook_Maria_Slough_SU_0.3",20,40,30,30,50,40,40,60,50,40,60,50,40,60,50,40,60,50,25,45,35,30,50,40,30,50,40,30,50,40,40,60,50,30,50,40,40,60,50,50,70,60,55,75,65,17,37,27
23,"mm","Chinook_LFR_SP_1.3",20,40,30,30,50,40,40,60,50,40,60,50,40,60,50,40,60,50,25,45,35,30,50,40,30,50,40,30,50,40,40,60,50,30,50,40,40,60,50,50,70,60,55,75,65,17,37,27
23,"mm","Chinook_LFR_SU_1.3",20,40,30,30,50,40,40,60,50,40,60,50,40,60,50,40,60,50,25,45,35,30,50,40,30,50,40,30,50,40,40,60,50,30,50,40,40,60,50,50,70,60,55,75,65,17,37,27
23,"mm","Chinook_LFR-Upper_Pitt_SU_1.3",10,30,20,20,40,30,30,50,40,30,50,40,30,50,40,20,40,30,15,35,25,20,40,30,20,40,30,20,40,30,30,50,40,20,40,30,30,50,40,40,60,50,45,65,55,7,27,17
23,"mm","Chinook_BB_FA_0.3",10,30,20,20,40,30,30,50,40,30,50,40,30,50,40,30,50,40,15,35,25,20,40,30,20,40,30,20,40,30,30,50,40,20,40,30,30,50,40,40,60,50,45,65,55,7,27,17
23,"mm","Chum_LFR",20,40,30,20,40,30,40,60,50,40,60,50,40,60,50,40,60,50,25,45,35,30,50,40,30,50,40,30,50,40,20,40,30,25,45,35,30,50,40,50,70,60,55,75,65,17,37,27
23,"mm","Coho_Lillooet",20,40,30,20,40,30,40,60,50,40,60,50,40,60,50,40,60,50,40,60,50,30,50,40,30,50,40,30,50,40,40,60,50,30,50,40,40,60,50,50,70,60,55,75,65,17,37,27
23,"mm","Coho_LFR",20,40,30,20,40,30,40,60,50,40,60,50,40,60,50,40,60,50,40,60,50,30,50,40,30,50,40,30,50,40,40,60,50,30,50,40,40,60,50,50,70,60,55,75,65,17,37,27
23,"mm","Coho_BB",10,30,20,10,30,20,30,50,40,30,50,40,30,50,40,30,50,40,30,50,40,20,40,30,20,40,30,20,40,30,30,50,40,20,40,30,30,50,40,40,60,50,45,65,55,7,27,17
23,"mm","Pink_FR",20,40,30,20,40,30,40,60,50,40,60,50,40,60,50,40,60,50,25,45,35,30,50,40,30,50,40,30,50,40,20,40,30,25,45,35,30,50,40,50,70,60,55,75,65,17,37,27
23,"mm","Sockeye_Chilliwack_ES",20,40,30,30,50,40,30,50,40,30,50,40,40,60,50,30,50,40,20,40,30,35,55,45,30,50,40,30,50,40,20,40,30,25,45,35,30,50,40,45,65,55,50,70,60,17,37,27
23,"mm","Sockeye_Cultus_Late",0,10,5,0,10,5,0,10,5,10,20,15,20,30,25,10,20,15,0,10,5,40,50,45,40,50,45,10,20,15,0,10,5,5,15,10,10,20,15,25,35,30,40,50,45,0,7,2
23,"mm","Sockeye_Harrison_Down_Late(Big_Silver)",20,40,30,30,50,40,30,50,40,30,50,40,40,60,50,40,60,50,20,40,30,35,55,45,30,50,40,30,50,40,20,40,30,25,45,35,30,50,40,45,65,55,50,70,60,17,37,27
23,"mm","Sockeye_Harrison_Up_Late(Weaver)",0,10,5,0,10,5,10,20,15,10,20,15,20,30,25,10,20,15,0,10,5,15,25,20,10,20,15,10,20,15,0,10,5,5,15,10,10,20,15,25,35,30,30,40,35,0,7,2
23,"mm","Sockeye_Pitt_ES",20,40,30,20,40,30,40,60,50,30,50,40,40,60,50,30,50,40,20,40,30,35,55,45,30,50,40,30,50,40,20,40,30,25,45,35,30,50,40,50,70,60,55,75,65,17,37,27
23,"mm","Sockeye_Lillooet/Harrison_Late(Birk)",0,10,5,0,10,5,10,20,15,10,20,15,20,30,25,10,20,15,0,10,5,15,25,20,10,20,15,10,20,15,0,10,5,5,15,10,10,20,15,25,35,30,30,40,35,0,7,2
23,"mm","Sockeye_Harrison_River",20,40,30,30,50,40,30,50,40,30,50,40,40,60,50,30,50,40,20,40,30,35,55,45,30,50,40,30,50,40,20,40,30,25,45,35,30,50,40,45,65,55,50,70,60,17,37,27
23,"mm","Sockeye_Widgeon_River",0,10,5,0,10,5,0,10,5,0,10,5,0,10,5,0,10,5,0,10,5,0,10,5,0,10,5,0,10,5,0,10,5,0,10,5,0,10,5,0,10,5,0,10,5,0,7,2
24,"7N","Chinook_LFR_FA_0.3",25,75,50,25,75,50,NA,NA,NA,NA,NA,NA,NA,NA,NA,50,75,75,NA,NA,NA,NA,NA,NA,75,85,75,85,100,100,NA,NA,NA,50,85,75,NA,NA,NA,NA,NA,NA,NA,NA,NA,NA,NA,NA
24,"7N","Chinook_Maria_Slough_SU_0.3",25,75,50,25,75,50,NA,NA,NA,NA,NA,NA,NA,NA,NA,50,75,75,NA,NA,NA,NA,NA,NA,75,85,75,85,100,100,NA,NA,NA,50,85,75,NA,NA,NA,NA,NA,NA,NA,NA,NA,NA,NA,NA
24,"7N","Chinook_LFR_SP_1.3",25,75,50,25,75,50,NA,NA,NA,NA,NA,NA,NA,NA,NA,50,75,75,NA,NA,NA,NA,NA,NA,75,85,75,85,100,100,NA,NA,NA,50,85,75,NA,NA,NA,NA,NA,NA,NA,NA,NA,NA,NA,NA
24,"7N","Chinook_LFR_SU_1.3",25,75,50,25,75,50,NA,NA,NA,NA,NA,NA,NA,NA,NA,50,75,75,NA,NA,NA,NA,NA,NA,75,85,75,85,100,100,NA,NA,NA,50,85,75,NA,NA,NA,NA,NA,NA,NA,NA,NA,NA,NA,NA
24,"7N","Chinook_LFR-Upper_Pitt_SU_1.3",25,75,50,25,75,50,NA,NA,NA,NA,NA,NA,NA,NA,NA,50,75,75,NA,NA,NA,NA,NA,NA,75,85,75,85,100,100,NA,NA,NA,50,85,75,NA,NA,NA,NA,NA,NA,NA,NA,NA,NA,NA,NA
24,"7N","Chinook_BB_FA_0.3",25,75,50,25,75,50,NA,NA,NA,NA,NA,NA,NA,NA,NA,50,75,75,NA,NA,NA,NA,NA,NA,75,85,75,85,100,100,NA,NA,NA,50,85,75,NA,NA,NA,NA,NA,NA,NA,NA,NA,NA,NA,NA
24,"7N","Chum_LFR",25,75,50,25,75,50,NA,NA,NA,NA,NA,NA,NA,NA,NA,50,75,75,NA,NA,NA,NA,NA,NA,75,85,75,85,100,100,NA,NA,NA,50,85,75,NA,NA,NA,NA,NA,NA,NA,NA,NA,NA,NA,NA
24,"7N","Coho_Lillooet",25,75,50,25,75,50,NA,NA,NA,NA,NA,NA,NA,NA,NA,50,75,75,NA,NA,NA,NA,NA,NA,75,85,75,85,100,100,NA,NA,NA,50,85,75,NA,NA,NA,NA,NA,NA,NA,NA,NA,NA,NA,NA
24,"7N","Coho_LFR",25,75,50,25,75,50,NA,NA,NA,NA,NA,NA,NA,NA,NA,50,75,75,NA,NA,NA,NA,NA,NA,75,85,75,85,100,100,NA,NA,NA,50,85,75,NA,NA,NA,NA,NA,NA,NA,NA,NA,NA,NA,NA
24,"7N","Coho_BB",25,75,50,25,75,50,NA,NA,NA,NA,NA,NA,NA,NA,NA,50,75,75,NA,NA,NA,NA,NA,NA,75,85,75,85,100,100,NA,NA,NA,50,85,75,NA,NA,NA,NA,NA,NA,NA,NA,NA,NA,NA,NA
24,"7N","Pink_FR",25,75,50,25,75,50,NA,NA,NA,NA,NA,NA,NA,NA,NA,50,75,75,NA,NA,NA,NA,NA,NA,75,85,75,85,100,100,NA,NA,NA,50,85,75,NA,NA,NA,NA,NA,NA,NA,NA,NA,NA,NA,NA
24,"7N","Sockeye_Chilliwack_ES",25,75,50,25,75,50,NA,NA,NA,NA,NA,NA,NA,NA,NA,50,75,75,NA,NA,NA,NA,NA,NA,75,85,75,85,100,100,NA,NA,NA,50,85,75,NA,NA,NA,NA,NA,NA,NA,NA,NA,NA,NA,NA
24,"7N","Sockeye_Cultus_Late",0,0,0,0,0,0,0,0,0,0,0,0,0,0,0,0,0,0,0,0,0,0,0,0,0,0,0,0,0,0,0,0,0,0,0,0,0,0,0,0,0,0,0,0,0,0,0,0
24,"7N","Sockeye_Harrison_Down_Late(Big_Silver)",25,75,50,25,75,50,NA,NA,NA,NA,NA,NA,NA,NA,NA,50,75,75,NA,NA,NA,NA,NA,NA,75,85,75,85,100,100,NA,NA,NA,50,85,75,NA,NA,NA,NA,NA,NA,NA,NA,NA,NA,NA,NA
24,"7N","Sockeye_Harrison_Up_Late(Weaver)",25,75,50,25,75,50,NA,NA,NA,NA,NA,NA,NA,NA,NA,50,75,75,NA,NA,NA,NA,NA,NA,75,85,75,85,100,100,NA,NA,NA,50,85,75,NA,NA,NA,NA,NA,NA,NA,NA,NA,NA,NA,NA
24,"7N","Sockeye_Pitt_ES",0,0,0,0,0,0,NA,NA,NA,NA,NA,NA,NA,NA,NA,50,75,75,NA,NA,NA,NA,NA,NA,75,85,75,85,100,100,NA,NA,NA,50,85,75,NA,NA,NA,NA,NA,NA,NA,NA,NA,NA,NA,NA
24,"7N","Sockeye_Lillooet/Harrison_Late(Birk)",25,75,50,25,75,50,NA,NA,NA,NA,NA,NA,NA,NA,NA,50,75,75,NA,NA,NA,NA,NA,NA,75,85,75,85,100,100,NA,NA,NA,50,85,75,NA,NA,NA,NA,NA,NA,NA,NA,NA,NA,NA,NA
24,"7N","Sockeye_Harrison_River",25,75,50,25,75,50,NA,NA,NA,NA,NA,NA,NA,NA,NA,50,75,75,NA,NA,NA,NA,NA,NA,75,85,75,85,100,100,NA,NA,NA,50,85,75,NA,NA,NA,NA,NA,NA,NA,NA,NA,NA,NA,NA
24,"7N","Sockeye_Widgeon_River",25,75,50,25,75,50,NA,NA,NA,NA,NA,NA,NA,NA,NA,50,75,75,NA,NA,NA,NA,NA,NA,75,85,75,85,100,100,NA,NA,NA,50,85,75,NA,NA,NA,NA,NA,NA,NA,NA,NA,NA,NA,NA
25,"Ik","Chinook_LFR_FA_0.3",25,85,65,45,90,75,45,90,75,45,90,75,50,90,75,25,85,65,45,90,70,25,85,65,25,85,65,25,85,65,50,90,70,50,90,70,NA,NA,NA,NA,NA,NA,NA,NA,NA,NA,NA,NA
25,"Ik","Chinook_Maria_Slough_SU_0.3",20,70,60,45,90,75,45,90,75,45,90,75,50,90,75,20,70,60,45,90,70,20,70,60,20,70,60,20,70,60,50,90,70,50,90,70,NA,NA,NA,NA,NA,NA,NA,NA,NA,NA,NA,NA
25,"Ik","Chinook_LFR_SP_1.3",10,65,45,45,90,75,45,90,75,45,90,75,50,90,75,20,65,45,45,90,70,20,65,45,20,65,45,20,65,45,50,90,70,50,90,70,NA,NA,NA,NA,NA,NA,NA,NA,NA,NA,NA,NA
25,"Ik","Chinook_LFR_SU_1.3",10,65,45,45,90,75,45,90,75,45,90,75,50,90,75,20,65,45,45,90,70,20,65,45,20,65,45,20,65,45,50,90,70,50,90,70,NA,NA,NA,NA,NA,NA,NA,NA,NA,NA,NA,NA
25,"Ik","Chum_LFR",10,65,25,55,90,75,45,90,75,45,90,75,50,90,75,20,65,40,45,90,70,20,65,40,20,65,40,20,65,40,50,90,70,50,90,70,NA,NA,NA,NA,NA,NA,NA,NA,NA,NA,NA,NA
25,"Ik","Coho_Lillooet",10,70,50,45,90,75,45,90,75,45,90,75,50,90,75,20,70,50,45,90,70,20,70,50,20,70,50,20,70,50,50,90,70,50,90,70,NA,NA,NA,NA,NA,NA,NA,NA,NA,NA,NA,NA
25,"Ik","Coho_LFR",10,70,50,45,90,75,45,90,75,45,90,75,50,90,75,20,70,50,45,90,70,20,70,50,20,70,50,20,70,50,50,90,70,50,90,70,NA,NA,NA,NA,NA,NA,NA,NA,NA,NA,NA,NA
25,"Ik","Pink_FR",45,75,65,55,90,75,45,90,75,45,90,75,50,90,75,45,75,65,45,90,70,45,75,65,45,75,65,45,75,65,50,90,70,50,90,70,NA,NA,NA,NA,NA,NA,NA,NA,NA,NA,NA,NA
25,"Ik","Sockeye_Chilliwack_ES",30,60,45,45,90,75,45,90,75,45,90,75,50,90,75,30,60,45,45,90,70,30,60,45,30,60,45,30,60,45,50,90,70,50,90,70,NA,NA,NA,NA,NA,NA,NA,NA,NA,NA,NA,NA
25,"Ik","Sockeye_Cultus_Late",30,60,40,45,90,75,45,90,75,45,90,75,50,90,75,30,60,40,45,90,70,30,60,40,30,60,40,30,60,40,50,90,70,50,90,70,NA,NA,NA,NA,NA,NA,NA,NA,NA,NA,NA,NA
25,"Ik","Sockeye_Harrison_Down_Late(Big_Silver)",30,60,45,45,90,75,45,90,75,45,90,75,50,90,75,30,60,45,45,90,70,30,60,45,30,60,45,30,60,45,50,90,70,50,90,70,NA,NA,NA,NA,NA,NA,NA,NA,NA,NA,NA,NA
25,"Ik","Sockeye_Harrison_Up_Late(Weaver)",30,60,40,45,90,75,45,90,75,45,90,75,50,90,75,30,60,40,45,90,70,30,60,40,30,60,40,30,60,40,50,90,70,50,90,70,NA,NA,NA,NA,NA,NA,NA,NA,NA,NA,NA,NA
25,"Ik","Sockeye_Lillooet/Harrison_Late(Birk)",30,60,45,45,90,75,45,90,75,45,90,75,50,90,75,30,60,45,45,90,70,30,60,45,30,60,45,30,60,45,50,90,70,50,90,70,NA,NA,NA,NA,NA,NA,NA,NA,NA,NA,NA,NA
25,"Ik","Sockeye_Harrison_River",30,60,45,45,90,75,45,90,75,45,90,75,50,90,75,30,60,45,45,90,70,30,60,45,30,60,45,30,60,45,50,90,70,50,90,70,NA,NA,NA,NA,NA,NA,NA,NA,NA,NA,NA,NA
26,"Uo","Chinook_LFR_FA_0.3",25,50,40,60,85,80,30,55,45,40,70,65,60,80,70,60,80,75,25,50,40,40,60,50,40,80,70,NA,NA,NA,NA,NA,NA,25,80,75,60,85,80,NA,NA,NA,NA,NA,NA,NA,NA,NA
26,"Uo","Chinook_Maria_Slough_SU_0.3",20,50,45,50,80,70,40,60,50,45,75,70,50,75,60,50,70,65,30,60,50,45,55,50,45,80,70,NA,NA,NA,NA,NA,NA,25,80,75,50,80,70,NA,NA,NA,NA,NA,NA,NA,NA,NA
26,"Uo","Chinook_LFR_SP_1.3",15,55,50,60,75,65,35,60,50,45,70,60,45,60,50,60,80,75,25,55,50,50,60,55,40,80,75,NA,NA,NA,NA,NA,NA,25,75,70,60,80,70,NA,NA,NA,NA,NA,NA,NA,NA,NA
26,"Uo","Chinook_LFR_SU_1.3",30,60,55,55,70,60,40,60,55,40,75,55,50,75,60,60,75,70,30,60,55,45,60,55,35,60,55,NA,NA,NA,NA,NA,NA,30,70,65,55,80,70,NA,NA,NA,NA,NA,NA,NA,NA,NA
26,"Uo","Chum_LFR",25,55,45,65,85,75,35,55,45,50,85,75,65,75,70,25,55,45,45,70,60,50,70,55,45,75,70,NA,NA,NA,NA,NA,NA,50,60,55,65,85,75,NA,NA,NA,NA,NA,NA,NA,NA,NA
26,"Uo","Coho_Lillooet",10,50,40,70,85,75,40,55,45,40,80,70,50,70,65,30,50,40,50,80,70,40,60,50,40,80,70,NA,NA,NA,NA,NA,NA,20,80,70,70,85,75,NA,NA,NA,NA,NA,NA,NA,NA,NA
26,"Uo","Pink_FR",15,45,40,75,85,80,30,50,45,45,70,65,65,75,70,25,45,40,45,60,50,35,60,50,40,75,60,NA,NA,NA,NA,NA,NA,45,70,60,75,85,80,NA,NA,NA,NA,NA,NA,NA,NA,NA
26,"Uo","Sockeye_Chilliwack_ES",20,50,30,70,80,75,40,50,45,40,75,60,60,70,65,40,50,45,50,70,60,50,70,60,45,75,65,NA,NA,NA,NA,NA,NA,25,80,70,70,80,75,NA,NA,NA,NA,NA,NA,NA,NA,NA
26,"Uo","Sockeye_Cultus_Late",15,40,20,50,70,65,30,40,35,30,50,45,40,50,45,15,40,30,30,50,40,20,40,25,30,50,40,NA,NA,NA,NA,NA,NA,20,75,65,50,70,65,NA,NA,NA,NA,NA,NA,NA,NA,NA
26,"Uo","Sockeye_Harrison_Down_Late(Big_Silver)",25,55,45,65,85,75,40,60,55,45,80,70,60,80,70,25,55,45,45,65,50,45,60,50,50,60,55,NA,NA,NA,NA,NA,NA,25,75,60,65,85,75,NA,NA,NA,NA,NA,NA,NA,NA,NA
26,"Uo","Sockeye_Harrison_Up_Late(Weaver)",30,60,50,60,85,80,35,60,50,40,80,50,50,70,60,30,60,50,50,80,70,30,60,50,45,65,60,NA,NA,NA,NA,NA,NA,30,80,70,60,85,80,NA,NA,NA,NA,NA,NA,NA,NA,NA
26,"Uo","Sockeye_Lillooet/Harrison_Late(Birk)",20,45,35,65,85,75,30,50,40,50,70,60,45,60,50,35,50,40,45,65,60,50,60,55,45,60,50,NA,NA,NA,NA,NA,NA,25,80,70,65,85,75,NA,NA,NA,NA,NA,NA,NA,NA,NA
26,"Uo","Sockeye_Harrison_River",25,55,40,60,70,65,35,55,45,45,70,55,60,80,70,30,55,40,40,70,60,50,60,55,45,65,55,NA,NA,NA,NA,NA,NA,25,80,70,60,80,70,NA,NA,NA,NA,NA,NA,NA,NA,NA
